lovely,1
hotel,2
with,3
extremely,4
comfortable,5
huge,6
double,7
bed,8
we,9
stayed,10
in,11
the,12
split,13
level,14
room,15
which,16
really,17
liked,18
if,19
you,20
have,21
difficulty,22
getting,23
up,24
stairs,25
request,26
can,27
stay,28
a,29
all,30
on,31
one,32
oosterpark,33
is,34
beautiful,35
shops,36
and,37
restaurants,38
are,39
great,40
lots,41
of,42
variety,43
to,44
choose,45
from,46
get,47
metro,48
close,49
by,50
8min,51
walk,52
or,53
tram,54
short,55
away,56
runs,57
station,58
off,59
within,60
5,61
mins,62
friendly,63
staff,64
shampoo,65
soap,66
shower,67
tea,68
coffee,69
facilities,70
your,71
location,72
that,73
more,74
relaxing,75
than,76
central,77
amsterdam,78
will,79
be,80
returning,81
park,82
near,83
museums,84
perfect,85
pad,86
for,87
many,88
walking,89
day,90
trips,91
old,92
building,93
former,94
spacious,95
rooms,96
big,97
breakfast,98
spread,99
starting,100
right,101
helpful,102
i,103
m,104
bathroom,105
our,106
was,107
black,108
glass,109
box,110
it,111
theory,112
s,113
cool,114
practice,115
leaves,116
lot,117
desired,118
little,119
privacy,120
not,121
enough,122
light,123
at,124
mirror,125
leaked,126
into,127
hall,128
did,129
however,130
allow,131
loft,132
space,133
desk,134
chairs,135
second,136
tv,137
itself,138
5min,139
ride,140
center,141
train,142
outside,143
easy,144
access,145
everywhere,146
super,147
always,148
hand,149
help,150
advice,151
wonderful,152
bright,153
clean,154
beds,155
amazing,156
felt,157
as,158
were,159
sleeping,160
clouds,161
airy,162
had,163
body,164
wash,165
there,166
alongside,167
hair,168
dryer,169
towels,170
safe,171
wardrobe,172
hangers,173
clothes,174
holders,175
chair,176
service,177
fridge,178
kettle,179
cups,180
teas,181
coffees,182
literally,183
has,184
everything,185
need,186
couldn,187
t,188
fault,189
smell,190
restaurant,191
downstairs,192
tennis,193
court,194
pond,195
well,196
around,197
nothing,198
do,199
course,200
but,201
people,202
tend,203
slam,204
their,205
bedroom,206
doors,207
they,208
leave,209
so,210
re,211
thinking,212
having,213
lay,214
just,215
prepared,216
awake,217
other,218
original,219
concept,220
style,221
careful,222
still,223
renovating,224
start,225
8am,226
suits,227
business,228
want,229
noise,230
very,231
good,232
adjacent,233
gorgeous,234
birds,235
2,236
different,237
here,238
both,239
identical,240
staircase,241
no,242
handrail,243
kind,244
pain,245
go,246
every,247
time,248
needed,249
something,250
out,251
luggage,252
use,253
located,254
special,255
mood,256
combined,257
modern,258
features,259
opposite,260
public,261
transportation,262
nice,263
bakery,264
also,265
wifi,266
an,267
ongoing,268
construction,269
overpriced,270
practical,271
plus,272
bar,273
area,274
its,275
own,276
simply,277
stunning,278
bit,279
pricey,280
side,281
overlooks,282
extensive,283
works,284
going,285
scaffolding,286
window,287
blocking,288
view,289
temporary,290
reception,291
hospital,292
see,293
aspects,294
inside,295
when,296
work,297
completed,298
sure,299
fabulous,300
ineffective,301
urine,302
order,303
slippery,304
handles,305
bars,306
uncomfortable,307
mattress,308
too,309
like,310
falling,311
expensive,312
included,313
remodeling,314
inconvenienced,315
town,316
through,317
renovations,318
unfortunately,319
means,320
less,321
recognise,322
those,323
shortcomings,324
could,325
make,326
agreeable,327
possible,328
please,329
above,330
bath,331
tub,332
large,333
two,334
love,335
multiple,336
trams,337
trains,338
cold,339
although,340
decor,341
basic,342
unwelcoming,343
some,344
design,345
rug,346
manager,347
he,348
upgraded,349
us,350
because,351
troubles,352
feel,353
welcome,354
directly,355
front,356
rent,357
bike,358
tour,359
bathtub,360
site,361
mentioned,362
booking,363
com,364
improved,365
quite,366
quality,367
meeting,368
my,369
cleaned,370
lady,371
pushing,372
pay,373
during,374
poor,375
signs,376
renovation,377
ca,378
30,379
minutes,380
city,381
typical,382
since,383
most,384
hotels,385
small,386
buildings,387
attention,388
fact,389
wall,390
separating,391
toilet,392
weird,393
solution,394
necessary,395
glasses,396
much,397
fantastic,398
east,399
transport,400
set,401
places,402
eat,403
drink,404
main,405
areas,406
would,407
definitely,408
again,409
only,410
this,411
once,412
fairly,413
standard,414
cooked,415
breakfasts,416
disappointed,417
hot,418
food,419
generally,420
offer,421
everyone,422
where,423
does,424
english,425
place,426
sit,427
least,428
any,429
worries,430
due,431
being,432
personally,433
prefer,434
wander,435
explore,436
dining,437
experiences,438
qualified,439
give,440
true,441
opinion,442
certainly,443
busy,444
evenings,445
suggests,446
pretty,447
staying,448
next,449
take,450
trip,451
nicely,452
accessed,453
history,454
architecture,455
anything,456
several,457
parts,458
under,459
moment,460
required,461
search,462
towards,463
rather,464
frequented,465
street,466
gets,467
noisy,468
opening,469
windows,470
though,471
first,472
floor,473
somewhat,474
stuffy,475
17,476
50,477
per,478
head,479
expected,480
sight,481
further,482
tourist,483
might,484
centre,485
courteous,486
undergoing,487
new,488
wing,489
caused,490
issues,491
except,492
meant,493
pop,494
affair,495
tired,496
broken,497
mechanism,498
damp,499
plaster,500
missing,501
drain,502
properly,503
overflowed,504
after,505
couple,506
requested,507
another,508
duly,509
transferred,510
better,511
lights,512
longer,513
before,514
went,515
guess,516
problem,517
reported,518
rectified,519
magnificent,520
care,521
then,522
rate,523
renovated,524
product,525
nearby,526
major,527
process,528
poorly,529
trained,530
check,531
interested,532
me,533
signing,534
prepaid,535
serving,536
cappuccino,537
3,538
4,539
meter,540
high,541
ceilings,542
freezing,543
heating,544
worked,545
able,546
morning,547
water,548
boiling,549
regulate,550
temperature,551
forget,552
working,553
feels,554
paid,555
250,556
never,557
cafe,558
back,559
pressure,560
existent,561
bad,562
even,563
saying,564
brunch,565
purchase,566
awful,567
refused,568
mistake,569
part,570
asked,571
about,572
lighting,573
been,574
brighter,575
airconditioning,576
turned,577
down,578
lower,579
23,580
degrees,581
refrigerator,582
cooling,583
thermostat,584
toiletries,585
replenished,586
gel,587
dispenser,588
empty,589
either,590
massive,591
booked,592
point,593
until,594
arrived,595
wandered,596
half,597
finished,598
corridors,599
looking,600
lobby,601
anyway,602
private,603
showering,604
using,605
performing,606
nail,607
sticking,608
entrance,609
discovered,610
woke,611
sound,612
together,613
someone,614
drilling,615
concrete,616
hardly,617
break,618
noisey,619
london,620
believed,621
pictures,622
over,623
yet,624
looked,625
courtyard,626
scattered,627
random,628
bits,629
debris,630
corridor,631
smelled,632
serious,633
blocked,634
plumbing,635
issue,636
perhaps,637
guest,638
unwell,639
thrown,640
cheap,641
products,642
entirely,643
tasteless,644
honestly,645
worth,646
somewhere,647
else,648
instead,649
spent,650
100,651
days,652
uber,653
mile,654
novelty,655
ends,656
20,657
comes,658
deposit,659
advance,660
planning,661
arrival,662
suddenly,663
150,664
non,665
sterling,666
transaction,667
charge,668
card,669
full,670
amount,671
refunded,672
left,673
minus,674
bank,675
charges,676
pointless,677
made,678
best,679
wish,680
open,681
current,682
state,683
looks,684
impressive,685
decorated,686
d,687
ever,688
slept,689
accessible,690
disappointing,691
waited,692
long,693
waiting,694
groups,695
brilliant,696
disruption,697
far,698
trap,699
situated,700
cannot,701
price,702
highly,703
recommend,704
anyone,705
horrible,706
pillows,707
stiff,708
neck,709
done,710
removed,711
door,712
closing,713
found,714
easily,715
opened,716
general,717
doing,718
given,719
enormous,720
week,721
night,722
shut,723
got,724
midnight,725
seemed,726
early,727
saturday,728
views,729
arriving,730
told,731
19,732
tax,733
wasn,734
shown,735
policies,736
pre,737
extra,738
petals,739
sheets,740
weren,741
changed,742
cleaner,743
didn,744
checking,745
receptionist,746
said,747
she,748
call,749
taxi,750
15,751
how,752
twice,753
late,754
airport,755
nearly,756
missed,757
flight,758
happy,759
quiet,760
terrace,761
exquisite,762
taste,763
gigantic,764
bedsheets,765
dark,766
silent,767
impossible,768
find,769
accommodating,770
loved,771
setting,772
peaceful,773
outskirts,774
travel,775
system,776
refurbishment,777
suited,778
perfectly,779
whole,780
garage,781
sorted,782
meal,783
emailed,784
them,785
online,786
such,787
idea,788
top,789
draw,790
interior,791
comfy,792
expecting,793
known,794
keen,795
serve,796
11,797
30pm,798
despite,799
12,800
mid,801
subway,802
hard,803
carried,804
obviously,805
unavoidable,806
narrow,807
steep,808
middle,809
real,810
task,811
anywhere,812
benefit,813
blankets,814
personal,815
preference,816
basically,817
coffe,818
cares,819
thumbs,820
property,821
completely,822
whoever,823
running,824
don,825
star,826
experience,827
1,828
worst,829
experienced,830
guidance,831
efficiently,832
strange,833
choices,834
friend,835
quickly,836
loud,837
security,838
regularly,839
put,840
measures,841
elevators,842
negative,843
review,844
written,845
potential,846
needs,847
management,848
thing,849
keep,850
took,851
flow,852
elevated,853
surprise,854
partners,855
birthday,856
free,857
upgrade,858
upon,859
balloons,860
delivery,861
house,862
him,863
welcoming,864
soundproofing,865
hear,866
come,867
clear,868
dinner,869
gave,870
freebies,871
attitude,872
personnel,873
allowed,874
machine,875
filter,876
rude,877
behavior,878
dripping,879
heater,880
gripe,881
across,882
leaving,883
sleep,884
allocated,885
attending,886
organisation,887
allocation,888
plenty,889
touch,890
accommodated,891
fast,892
politely,893
sugars,894
each,895
messy,896
connected,897
begin,898
wife,899
warm,900
minimal,901
last,902
company,903
impressed,904
way,905
nature,906
preferred,907
seeing,908
correctly,909
wine,910
champagne,911
dirty,912
floors,913
clogged,914
quick,915
friends,916
sharing,917
screen,918
times,919
should,920
think,921
opaque,922
am,923
forward,924
complete,925
final,926
look,927
already,928
sofa,929
these,930
minor,931
stylish,932
average,933
appearance,934
organized,935
young,936
gentlemen,937
managing,938
watching,939
female,940
guests,941
same,942
spoons,943
butter,944
etc,945
expect,946
angry,947
post,948
available,949
via,950
sites,951
6,952
nights,953
july,954
placed,955
2nd,956
specially,957
reserved,958
duplex,959
ok,960
mind,961
closed,962
hello,963
rain,964
mini,965
contained,966
sort,967
guessed,968
change,969
explaining,970
btw,971
costs,972
simple,973
volume,974
ceiling,975
offered,976
o,977
clock,978
holiday,979
wait,980
till,981
13,982
00,983
what,984
wanted,985
internal,986
garden,987
belongings,988
rushed,989
evening,990
constant,991
vibrating,992
vent,993
tubes,994
annoying,995
hell,996
stop,997
making,998
fall,999
asleep,1000
audio,1001
send,1002
e,1003
mail,1004
technician,1005
came,1006
cause,1007
disturbing,1008
fully,1009
smaller,1010
seems,1011
newer,1012
complaints,1013
surroundings,1014
amenities,1015
recommendations,1016
firstly,1017
confusing,1018
regarding,1019
payments,1020
checkout,1021
refund,1022
payment,1023
secondly,1024
lacking,1025
thought,1026
excellent,1027
vegetarian,1028
vegan,1029
background,1030
wrap,1031
toasted,1032
sandwich,1033
option,1034
aside,1035
things,1036
spot,1037
return,1038
cute,1039
range,1040
elderly,1041
difficult,1042
story,1043
steps,1044
ask,1045
single,1046
boiler,1047
outdoor,1048
character,1049
afraid,1050
weeks,1051
white,1052
furniture,1053
dog,1054
respond,1055
heavy,1056
rainfall,1057
common,1058
roof,1059
leaking,1060
luckily,1061
earlier,1062
damage,1063
saw,1064
insects,1065
overall,1066
badly,1067
kept,1068
who,1069
fix,1070
understand,1071
inconsistent,1072
prices,1073
demanded,1074
complained,1075
shift,1076
move,1077
ready,1078
romantic,1079
line,1080
showed,1081
paying,1082
book,1083
villa,1084
suite,1085
false,1086
advertising,1087
realised,1088
photos,1089
confused,1090
extreamly,1091
especially,1092
40th,1093
present,1094
website,1095
pricing,1096
know,1097
won,1098
chill,1099
awesome,1100
backyard,1101
total,1102
mess,1103
shouldn,1104
happen,1105
stars,1106
sheet,1107
duvet,1108
everyday,1109
run,1110
enjoyed,1111
apart,1112
brekfast,1113
show,1114
actual,1115
quit,1116
aircondition,1117
makes,1118
300,1119
beauty,1120
modernised,1121
brilliantly,1122
inviting,1123
couples,1124
menu,1125
loads,1126
distance,1127
minute,1128
stops,1129
unbelievably,1130
priced,1131
started,1132
workers,1133
loading,1134
wood,1135
stupid,1136
guard,1137
finally,1138
pointed,1139
wrong,1140
direction,1141
closes,1142
ugly,1143
trash,1144
information,1145
telephone,1146
difference,1147
between,1148
euros,1149
appreciation,1150
unique,1151
structure,1152
onto,1153
lush,1154
selection,1155
spectacular,1156
considered,1157
plan,1158
historic,1159
why,1160
chose,1161
pleasant,1162
visited,1163
wouldn,1164
cheaper,1165
seem,1166
hold,1167
church,1168
arrive,1169
10,1170
incredible,1171
ll,1172
gentle,1173
spanish,1174
man,1175
onsite,1176
gin,1177
tonic,1178
children,1179
decoration,1180
prison,1181
cell,1182
sparse,1183
dam,1184
square,1185
handle,1186
themselves,1187
realized,1188
travelled,1189
ireland,1190
lit,1191
tricky,1192
comment,1193
drains,1194
smelt,1195
clearly,1196
imagine,1197
girls,1198
quirky,1199
mix,1200
fruits,1201
pastries,1202
meats,1203
fish,1204
breads,1205
regular,1206
bacon,1207
eggs,1208
juices,1209
electronic,1210
key,1211
phones,1212
somehow,1213
updated,1214
daily,1215
dusty,1216
situation,1217
few,1218
yards,1219
continental,1220
upper,1221
twist,1222
usb,1223
port,1224
mobile,1225
phone,1226
charging,1227
thr,1228
sockets,1229
loose,1230
covers,1231
dangerous,1232
positive,1233
element,1234
health,1235
dishes,1236
buffet,1237
try,1238
exceptional,1239
wedding,1240
convenience,1241
upstairs,1242
party,1243
reason,1244
overrated,1245
disaster,1246
smelly,1247
banging,1248
moved,1249
couch,1250
bid,1251
dirt,1252
dust,1253
months,1254
cleaning,1255
appeared,1256
weak,1257
dated,1258
spend,1259
attic,1260
daylight,1261
robbery,1262
15min,1263
20min,1264
depends,1265
speed,1266
sadly,1267
say,1268
immediately,1269
notice,1270
wet,1271
sticky,1272
juice,1273
called,1274
hour,1275
complain,1276
later,1277
interest,1278
anymore,1279
curtain,1280
stains,1281
ignore,1282
ladies,1283
greeted,1284
staffs,1285
hallway,1286
7,1287
loudly,1288
annoyed,1289
parking,1290
ticket,1291
now,1292
inform,1293
checked,1294
drove,1295
actually,1296
plug,1297
money,1298
parked,1299
feeling,1300
spoken,1301
easiest,1302
relevant,1303
tickets,1304
locations,1305
visit,1306
route,1307
destination,1308
corner,1309
aware,1310
share,1311
separate,1312
deluxe,1313
ended,1314
twin,1315
500,1316
pound,1317
atmosphere,1318
faces,1319
must,1320
welcomed,1321
8,1322
members,1323
seen,1324
disrupted,1325
proof,1326
fan,1327
air,1328
con,1329
below,1330
layout,1331
hanging,1332
fitting,1333
fell,1334
marks,1335
squashed,1336
against,1337
washed,1338
afterwards,1339
setup,1340
separation,1341
rest,1342
meals,1343
filling,1344
complimentary,1345
drinks,1346
complaint,1347
walls,1348
thin,1349
boyfriend,1350
beside,1351
cafes,1352
finish,1353
whilst,1354
others,1355
may,1356
absolutely,1357
charged,1358
cards,1359
beginning,1360
returned,1361
spoilt,1362
chasing,1363
bedrooms,1364
managed,1365
rudely,1366
awakened,1367
45,1368
men,1369
probably,1370
arena,1371
disgusted,1372
channels,1373
ability,1374
finding,1375
car,1376
chosen,1377
drop,1378
bags,1379
walked,1380
abrupt,1381
listening,1382
pillow,1383
none,1384
coming,1385
soon,1386
ring,1387
his,1388
colleague,1389
explanation,1390
forgotten,1391
opportunity,1392
answer,1393
risk,1394
cosy,1395
vicinity,1396
attraction,1397
whatsoever,1398
ve,1399
min,1400
nightclub,1401
woken,1402
builders,1403
mornings,1404
7am,1405
compensation,1406
token,1407
form,1408
happily,1409
gym,1410
swimming,1411
pool,1412
polite,1413
development,1414
hours,1415
c,1416
effective,1417
worse,1418
turning,1419
flowing,1420
dropping,1421
pipes,1422
chinese,1423
torture,1424
transparent,1425
mean,1426
maybe,1427
oh,1428
word,1429
whatever,1430
happening,1431
folded,1432
row,1433
encountered,1434
delightful,1435
conveniently,1436
bathrooms,1437
cubical,1438
ideal,1439
considerable,1440
inconvenience,1441
gesture,1442
repeatedly,1443
beer,1444
bothered,1445
insult,1446
terrible,1447
facing,1448
starts,1449
6am,1450
local,1451
law,1452
reach,1453
while,1454
owned,1455
control,1456
insisting,1457
sink,1458
14,1459
vey,1460
designed,1461
extreme,1462
ac,1463
without,1464
proper,1465
reserving,1466
cost,1467
driver,1468
eventually,1469
55,1470
euro,1471
responsible,1472
wanna,1473
takes,1474
feet,1475
historical,1476
supermarkets,1477
minibar,1478
reality,1479
received,1480
past,1481
enter,1482
dodgy,1483
smart,1484
payed,1485
washbasin,1486
ground,1487
ladder,1488
mezzanine,1489
treat,1490
refurbished,1491
possibly,1492
discount,1493
created,1494
impression,1495
notified,1496
seating,1497
settee,1498
comparison,1499
cleaners,1500
hoovered,1501
forced,1502
cut,1503
electricity,1504
living,1505
problems,1506
reconstruction,1507
partially,1508
frosted,1509
tad,1510
cozy,1511
particularly,1512
pair,1513
women,1514
shoes,1515
sign,1516
addition,1517
unacceptable,1518
category,1519
pity,1520
details,1521
read,1522
previous,1523
reviews,1524
managers,1525
comments,1526
board,1527
maintain,1528
listen,1529
customers,1530
heard,1531
extortionate,1532
sometimes,1533
08,1534
dont,1535
lockers,1536
wi,1537
fi,1538
navigation,1539
lost,1540
revamp,1541
gone,1542
value,1543
relation,1544
dream,1545
importantly,1546
ideally,1547
indicate,1548
presence,1549
dreams,1550
becomes,1551
nightmare,1552
slammed,1553
entry,1554
exit,1555
slamming,1556
flooring,1557
footstep,1558
exchanged,1559
classy,1560
sinks,1561
showers,1562
sitting,1563
canal,1564
wake,1565
beautifully,1566
voucher,1567
compensate,1568
proved,1569
wear,1570
member,1571
fee,1572
deducted,1573
held,1574
resulted,1575
foreign,1576
lines,1577
liking,1578
fine,1579
gardens,1580
sidewalk,1581
mention,1582
cocktails,1583
plentiful,1584
often,1585
sausage,1586
services,1587
willing,1588
underway,1589
levels,1590
complaining,1591
agree,1592
wishing,1593
medium,1594
rare,1595
68,1596
taking,1597
size,1598
priority,1599
frayed,1600
edges,1601
funky,1602
visiting,1603
relatives,1604
provide,1605
useless,1606
soaked,1607
entire,1608
meaning,1609
dry,1610
round,1611
slight,1612
along,1613
heated,1614
suitable,1615
older,1616
kids,1617
ambience,1618
convent,1619
medical,1620
converted,1621
relaxed,1622
accessibility,1623
soft,1624
shelf,1625
bottles,1626
impact,1627
ordered,1628
burgers,1629
disgusting,1630
meat,1631
sick,1632
attractions,1633
links,1634
blood,1635
splashes,1636
curtains,1637
fresh,1638
baked,1639
croissants,1640
snacks,1641
cheerful,1642
smoked,1643
used,1644
halls,1645
dim,1646
duck,1647
feather,1648
items,1649
bought,1650
taken,1651
mistaken,1652
rubbish,1653
bin,1654
gifts,1655
proximity,1656
provision,1657
iron,1658
storey,1659
winding,1660
cor,1661
functionality,1662
lack,1663
storage,1664
vibe,1665
live,1666
crumbs,1667
rained,1668
choice,1669
speak,1670
impressions,1671
externally,1672
affect,1673
foyer,1674
relax,1675
spell,1676
draughty,1677
honey,1678
moon,1679
totally,1680
paint,1681
repair,1682
states,1683
four,1684
graded,1685
frills,1686
comfort,1687
three,1688
max,1689
picturesque,1690
school,1691
exactly,1692
embarrassing,1693
travelling,1694
club,1695
sandwiches,1696
lunch,1697
unusual,1698
congealed,1699
fat,1700
processed,1701
chicken,1702
steam,1703
compensated,1704
reasonably,1705
convienent,1706
wooden,1707
platform,1708
gothic,1709
30am,1710
thai,1711
fab,1712
wished,1713
smoke,1714
exceptionally,1715
currently,1716
extended,1717
thankfully,1718
exterior,1719
interiors,1720
listed,1721
consider,1722
accurate,1723
rating,1724
complex,1725
visually,1726
trendy,1727
road,1728
tidy,1729
investigate,1730
explain,1731
happened,1732
apologise,1733
excuse,1734
tripped,1735
buy,1736
credit,1737
her,1738
remove,1739
assured,1740
matter,1741
home,1742
phoned,1743
essentially,1744
hostel,1745
massively,1746
feature,1747
sharp,1748
shabby,1749
tissue,1750
paper,1751
kitchen,1752
provided,1753
wasnt,1754
mon,1755
kingsize,1756
staircases,1757
spoke,1758
questions,1759
map,1760
interesting,1761
exploring,1762
spring,1763
summer,1764
mine,1765
wearing,1766
keeping,1767
milk,1768
putting,1769
razor,1770
luxury,1771
life,1772
added,1773
assume,1774
future,1775
type,1776
separated,1777
lounge,1778
panel,1779
rail,1780
hadn,1781
receipt,1782
prove,1783
charming,1784
usual,1785
larger,1786
shocking,1787
guy,1788
muesli,1789
cheese,1790
capuccino,1791
turn,1792
ran,1793
undercooked,1794
limited,1795
cereal,1796
bread,1797
yogurt,1798
tomatoes,1799
cigarettes,1800
mixed,1801
perfume,1802
annexe,1803
sized,1804
adequate,1805
traffic,1806
aren,1807
detail,1808
doubles,1809
en,1810
practically,1811
concerned,1812
british,1813
stranger,1814
powdered,1815
produce,1816
decided,1817
dinning,1818
age,1819
environment,1820
indicated,1821
disturbance,1822
louder,1823
shutting,1824
self,1825
walkable,1826
backs,1827
straight,1828
related,1829
enjoy,1830
cleaniness,1831
scrub,1832
odor,1833
watch,1834
fire,1835
spice,1836
cookies,1837
slow,1838
table,1839
covering,1840
burger,1841
orange,1842
remote,1843
direct,1844
grand,1845
chatty,1846
venue,1847
initial,1848
swapped,1849
fuss,1850
girlfriend,1851
tiring,1852
covered,1853
tunnel,1854
refreshments,1855
nobody,1856
maintenance,1857
facade,1858
warning,1859
inadequate,1860
stained,1861
carpet,1862
barrier,1863
useful,1864
understaffed,1865
strong,1866
ago,1867
par,1868
normal,1869
chain,1870
twins,1871
allowing,1872
disturbed,1873
considerably,1874
official,1875
declined,1876
group,1877
checkin,1878
exception,1879
explained,1880
tall,1881
steamed,1882
panels,1883
conference,1884
event,1885
anyways,1886
nearest,1887
faulty,1888
unfinished,1889
lamp,1890
nails,1891
sock,1892
adding,1893
lets,1894
person,1895
electric,1896
hands,1897
socket,1898
fuse,1899
doctor,1900
sorry,1901
fruit,1902
basket,1903
let,1904
thats,1905
chance,1906
posted,1907
answered,1908
fixed,1909
unclear,1910
worry,1911
nor,1912
lives,1913
gaps,1914
keys,1915
stopped,1916
granted,1917
picture,1918
visible,1919
beautifull,1920
passed,1921
flooded,1922
everytime,1923
avoid,1924
hectic,1925
red,1926
district,1927
immediate,1928
locals,1929
largest,1930
brewery,1931
tours,1932
museum,1933
infront,1934
extrememly,1935
cleanliness,1936
outstanding,1937
compact,1938
end,1939
tried,1940
package,1941
advertised,1942
apparently,1943
taxes,1944
unaware,1945
flood,1946
unable,1947
rid,1948
3pm,1949
suggest,1950
cigarette,1951
weekend,1952
world,1953
impractical,1954
adjust,1955
proofing,1956
waking,1957
web,1958
page,1959
conditioning,1960
stroll,1961
tables,1962
surfaces,1963
heaven,1964
girl,1965
dessert,1966
alot,1967
plates,1968
sweet,1969
shame,1970
attentive,1971
doesn,1972
case,1973
hassle,1974
customer,1975
responsive,1976
individual,1977
giving,1978
directions,1979
passes,1980
intrusive,1981
selections,1982
tended,1983
attendants,1984
efficient,1985
knowledgeable,1986
metal,1987
musty,1988
throughout,1989
barely,1990
fair,1991
rundown,1992
dreary,1993
parks,1994
generator,1995
renewal,1996
hopefully,1997
worn,1998
nicer,1999
ramp,2000
similar,2001
properties,2002
beaten,2003
path,2004
neighborhood,2005
spots,2006
promised,2007
deliver,2008
cramped,2009
distant,2010
terrific,2011
isn,2012
purpose,2013
built,2014
boutique,2015
chandeliers,2016
gives,2017
sense,2018
green,2019
ten,2020
closet,2021
wc,2022
neighbourhood,2023
zoo,2024
outstandingly,2025
warn,2026
travellers,2027
wouldnt,2028
remember,2029
reading,2030
dislike,2031
suppose,2032
staring,2033
deal,2034
gentleman,2035
training,2036
question,2037
referred,2038
eye,2039
contact,2040
ordinary,2041
considering,2042
5mins,2043
n,2044
10mins,2045
25,2046
sell,2047
u,2048
raised,2049
housekeeping,2050
ur,2051
note,2052
hate,2053
pushed,2054
european,2055
reservation,2056
condition,2057
low,2058
doesnt,2059
promise,2060
maintained,2061
abit,2062
scratches,2063
market,2064
24,2065
originally,2066
unsafe,2067
plans,2068
radiator,2069
bleeding,2070
spending,2071
polish,2072
grocery,2073
store,2074
microwave,2075
leak,2076
university,2077
equipped,2078
incorrectly,2079
informed,2080
grounds,2081
mentioning,2082
slightly,2083
refurbishments,2084
surrounded,2085
struggled,2086
racist,2087
accent,2088
country,2089
didnt,2090
knock,2091
arranged,2092
headed,2093
memorable,2094
crazy,2095
project,2096
die,2097
progress,2098
surrounding,2099
rough,2100
upgrading,2101
filthy,2102
described,2103
thank,2104
k,2105
george,2106
earl,2107
fun,2108
theatre,2109
providing,2110
cutlery,2111
letting,2112
borrow,2113
hdmi,2114
cable,2115
tube,2116
sights,2117
shows,2118
yourself,2119
including,2120
reasonable,2121
overly,2122
mattresses,2123
paul,2124
underground,2125
convenient,2126
espresso,2127
freshly,2128
heading,2129
sightseeing,2130
ache,2131
tiny,2132
hilton,2133
trouble,2134
reduced,2135
biscuits,2136
smoking,2137
earls,2138
halal,2139
pm,2140
00pm,2141
usually,2142
soiled,2143
temp,2144
sensitive,2145
1st,2146
aspect,2147
formed,2148
brought,2149
firmer,2150
fluffy,2151
singles,2152
plugs,2153
straighteners,2154
ironing,2155
sachets,2156
chocolate,2157
delicious,2158
bedded,2159
loo,2160
lucky,2161
5ft,2162
serviced,2163
esp,2164
bonus,2165
kudos,2166
apology,2167
handy,2168
pub,2169
compared,2170
hated,2171
tasty,2172
chocolates,2173
engaged,2174
connect,2175
particular,2176
stood,2177
communicated,2178
amazingly,2179
bother,2180
secure,2181
neighbouring,2182
minimalist,2183
definately,2184
holes,2185
telling,2186
foods,2187
patio,2188
improvement,2189
studio,2190
professional,2191
cheers,2192
ripped,2193
surly,2194
electrics,2195
blinds,2196
drawer,2197
premises,2198
television,2199
extras,2200
athmosphere,2201
impersonal,2202
unhelpful,2203
ch,2204
american,2205
rear,2206
frequent,2207
excellant,2208
passing,2209
noises,2210
overcome,2211
plain,2212
unclean,2213
placement,2214
spaces,2215
advertise,2216
bedside,2217
hallways,2218
organised,2219
charm,2220
rowdy,2221
neighbors,2222
concert,2223
incredibly,2224
luxurious,2225
artwork,2226
printer,2227
computer,2228
bikes,2229
absolute,2230
delight,2231
handicapped,2232
80,2233
years,2234
lug,2235
suit,2236
cases,2237
daytime,2238
activities,2239
recommendation,2240
term,2241
freshen,2242
heathrow,2243
facility,2244
stores,2245
block,2246
ventilation,2247
cab,2248
48,2249
pounds,2250
tip,2251
satisfactory,2252
powerful,2253
spite,2254
rd,2255
drawers,2256
sunshine,2257
phoning,2258
reserve,2259
16,2260
monday,2261
bottom,2262
lift,2263
gross,2264
ie,2265
corners,2266
cracking,2267
sister,2268
sofas,2269
options,2270
heat,2271
cycle,2272
switched,2273
toothpaste,2274
240,2275
argument,2276
okay,2277
add,2278
seeds,2279
ideas,2280
supper,2281
music,2282
played,2283
lacklustre,2284
th,2285
advise,2286
number,2287
confortable,2288
cleanness,2289
lamps,2290
plastic,2291
accommodation,2292
ridiculously,2293
initially,2294
bigger,2295
issued,2296
artsy,2297
chic,2298
truly,2299
connects,2300
river,2301
salmon,2302
tiles,2303
attempt,2304
gloomy,2305
deep,2306
caps,2307
updating,2308
sleek,2309
spotlessly,2310
rental,2311
hairdryer,2312
sent,2313
replacement,2314
art,2315
possibility,2316
marmalade,2317
machines,2318
meters,2319
wide,2320
sufficiently,2321
basis,2322
rolls,2323
replaced,2324
stylishly,2325
featured,2326
lacked,2327
decent,2328
shorter,2329
goes,2330
hub,2331
step,2332
sounds,2333
team,2334
dine,2335
conditioner,2336
deco,2337
replacing,2338
tourism,2339
adorable,2340
z,2341
indoors,2342
isolation,2343
drier,2344
neighbours,2345
anne,2346
advised,2347
robbed,2348
blind,2349
superb,2350
overlooking,2351
posh,2352
overcharging,2353
numbers,2354
expectations,2355
banged,2356
require,2357
elements,2358
newly,2359
remodeled,2360
marble,2361
buying,2362
1am,2363
electrical,2364
knew,2365
resolved,2366
knocking,2367
assistance,2368
calling,2369
cardio,2370
equipment,2371
smallest,2372
rat,2373
traps,2374
fitness,2375
invest,2376
sauna,2377
accept,2378
period,2379
hope,2380
winter,2381
acceptable,2382
p,2383
became,2384
competitive,2385
dimensions,2386
traditional,2387
squeaky,2388
husband,2389
4th,2390
accommodate,2391
planned,2392
excursions,2393
furnished,2394
linens,2395
superior,2396
asking,2397
requirements,2398
indifferent,2399
b,2400
uk,2401
vacation,2402
ourselves,2403
higher,2404
family,2405
support,2406
office,2407
tell,2408
month,2409
improve,2410
raise,2411
safety,2412
requirement,2413
tips,2414
fortunately,2415
rely,2416
internet,2417
specific,2418
additionally,2419
confident,2420
understood,2421
position,2422
seat,2423
bustle,2424
job,2425
smiled,2426
awkward,2427
atm,2428
season,2429
changing,2430
buses,2431
closeness,2432
piccadilly,2433
switch,2434
aircon,2435
maximum,2436
essential,2437
suitcases,2438
standards,2439
kensington,2440
palace,2441
albert,2442
knightsbridge,2443
judge,2444
whether,2445
yes,2446
elsewhere,2447
realise,2448
occasion,2449
warmer,2450
gluten,2451
toaster,2452
eating,2453
follow,2454
strict,2455
diet,2456
otherwise,2457
ranging,2458
diverse,2459
bring,2460
print,2461
boarding,2462
beforehand,2463
cross,2464
cakes,2465
oven,2466
served,2467
stuff,2468
transports,2469
crowded,2470
beat,2471
functional,2472
wee,2473
supermarket,2474
sufficient,2475
programs,2476
glad,2477
mint,2478
drinking,2479
hang,2480
today,2481
power,2482
selling,2483
basement,2484
classed,2485
fiddly,2486
laundry,2487
excessive,2488
drapes,2489
popular,2490
shopping,2491
streets,2492
convinced,2493
solo,2494
treated,2495
consideration,2496
suitcase,2497
fit,2498
sub,2499
zero,2500
temperatures,2501
dangerously,2502
erratic,2503
rapidly,2504
scalding,2505
slip,2506
mat,2507
combination,2508
dismissive,2509
seated,2510
forgot,2511
approach,2512
upset,2513
treatment,2514
wonderfully,2515
miniscule,2516
railway,2517
homely,2518
recommended,2519
90,2520
creaky,2521
60,2522
shall,2523
emptied,2524
daughter,2525
satisfied,2526
operating,2527
amenity,2528
lifts,2529
wellness,2530
fo,2531
transit,2532
journey,2533
nz,2534
dragging,2535
fourth,2536
partly,2537
decorations,2538
ar,2539
spotless,2540
pot,2541
filled,2542
cup,2543
dependent,2544
focussed,2545
noticing,2546
rates,2547
5th,2548
date,2549
responses,2550
appreciated,2551
downgrade,2552
camp,2553
hesitate,2554
smells,2555
delivered,2556
celebrate,2557
thankyou,2558
dish,2559
vegetarians,2560
sparkling,2561
changes,2562
touches,2563
attended,2564
chelsea,2565
v,2566
game,2567
opted,2568
disorganised,2569
inattentive,2570
leicester,2571
lumpy,2572
linen,2573
terms,2574
restful,2575
cloud,2576
flavour,2577
cook,2578
hoped,2579
exec,2580
king,2581
class,2582
ways,2583
uses,2584
famous,2585
marketing,2586
almost,2587
fraud,2588
porridge,2589
recognised,2590
bedding,2591
pull,2592
cosmetics,2593
attractive,2594
smiling,2595
correct,2596
2016,2597
signal,2598
weather,2599
teh,2600
presented,2601
controls,2602
alternative,2603
albeit,2604
recently,2605
glazing,2606
secluded,2607
insufficient,2608
points,2609
requesting,2610
adaptors,2611
update,2612
stated,2613
base,2614
visits,2615
fried,2616
inedible,2617
outlook,2618
pc,2619
iphone,2620
fussy,2621
eater,2622
massage,2623
exercise,2624
picadilly,2625
unlike,2626
alright,2627
stifling,2628
efficiency,2629
ease,2630
comparatively,2631
receive,2632
woman,2633
scrambled,2634
watery,2635
newspapers,2636
newspaper,2637
happier,2638
elegant,2639
desirable,2640
sugar,2641
replenish,2642
units,2643
110,2644
appalling,2645
specifically,2646
write,2647
implied,2648
350,2649
olympia,2650
transfer,2651
quarter,2652
save,2653
clerk,2654
bag,2655
unbelievable,2656
stewed,2657
availability,2658
printed,2659
visitors,2660
tastes,2661
west,2662
favourite,2663
critical,2664
picky,2665
client,2666
inconvenient,2667
stressful,2668
repeat,2669
cant,2670
employees,2671
traveling,2672
touring,2673
traveler,2674
werent,2675
showered,2676
noticed,2677
mannered,2678
brompton,2679
hill,2680
miss,2681
unless,2682
advantage,2683
handled,2684
malfunctioned,2685
timely,2686
stress,2687
establishments,2688
adults,2689
toothbrush,2690
promptly,2691
adult,2692
spilled,2693
nowhere,2694
vanity,2695
splashed,2696
hook,2697
behind,2698
reached,2699
lukewarm,2700
tasted,2701
vinegar,2702
teabags,2703
sausages,2704
cope,2705
bugs,2706
mobility,2707
executive,2708
solve,2709
ex,2710
cabin,2711
18,2712
35,2713
adds,2714
rim,2715
alarm,2716
instructions,2717
semi,2718
evacuation,2719
announced,2720
officer,2721
subsequent,2722
acknowledgement,2723
relations,2724
g,2725
remained,2726
occupied,2727
incident,2728
important,2729
secured,2730
computers,2731
printers,2732
pungent,2733
blackout,2734
afternoon,2735
appointed,2736
pet,2737
eager,2738
inexpensive,2739
elevator,2740
therefore,2741
redecorated,2742
bus,2743
stations,2744
lane,2745
fifth,2746
myself,2747
approachable,2748
classic,2749
dishonest,2750
bare,2751
improving,2752
fashioned,2753
instant,2754
bottle,2755
200,2756
draining,2757
tap,2758
tepid,2759
beverage,2760
thoughtful,2761
saved,2762
friday,2763
upgrades,2764
attract,2765
pint,2766
luxuries,2767
disappeared,2768
surely,2769
retain,2770
9,2771
valuable,2772
offices,2773
stairway,2774
escape,2775
ikea,2776
joke,2777
obliging,2778
restuarants,2779
cupboards,2780
randomly,2781
kicks,2782
frustrating,2783
cupboard,2784
tablet,2785
plate,2786
petty,2787
sixth,2788
everybody,2789
wich,2790
unhappy,2791
sounded,2792
underfloor,2793
cater,2794
nationalities,2795
relatively,2796
europe,2797
january,2798
failed,2799
assigned,2800
entering,2801
error,2802
135,2803
helping,2804
laid,2805
hotter,2806
appreciate,2807
25mins,2808
eastern,2809
uninspiring,2810
bill,2811
dollars,2812
permission,2813
net,2814
40,2815
exchange,2816
caught,2817
towel,2818
pavement,2819
foot,2820
conversations,2821
noted,2822
effort,2823
year,2824
9am,2825
versus,2826
impeccably,2827
maids,2828
servicing,2829
police,2830
m2,2831
asset,2832
umbrellas,2833
lacks,2834
toiletry,2835
supplies,2836
facial,2837
tissues,2838
rom,2839
replace,2840
pubs,2841
judging,2842
intend,2843
eg,2844
talking,2845
airless,2846
kindly,2847
briefly,2848
chat,2849
silence,2850
neat,2851
flat,2852
eateries,2853
america,2854
starbucks,2855
travelers,2856
remind,2857
fellow,2858
americans,2859
rank,2860
wasted,2861
triple,2862
struggling,2863
third,2864
cap,2865
lotion,2866
stones,2867
5pm,2868
chains,2869
angle,2870
loosing,2871
boards,2872
underneath,2873
vs,2874
tight,2875
october,2876
heavenly,2877
conclusion,2878
yard,2879
thick,2880
blocks,2881
flushed,2882
led,2883
wednesday,2884
constantly,2885
topper,2886
firm,2887
warmth,2888
improvements,2889
periods,2890
vegetables,2891
salad,2892
enjoying,2893
ate,2894
exhausted,2895
ample,2896
believe,2897
amongst,2898
satisfy,2899
extension,2900
seven,2901
affected,2902
facelift,2903
arent,2904
justice,2905
quieter,2906
30mins,2907
certain,2908
requests,2909
fail,2910
fantastically,2911
prior,2912
unsure,2913
eaten,2914
pizza,2915
12pm,2916
fir,2917
theres,2918
matress,2919
grateful,2920
capacity,2921
shocked,2922
impeccable,2923
lead,2924
genuinely,2925
scared,2926
recieved,2927
conversation,2928
congratulations,2929
un,2930
thankful,2931
woukd,2932
flag,2933
quietly,2934
negatives,2935
anna,2936
procedure,2937
followed,2938
locate,2939
onward,2940
honest,2941
sunday,2942
42,2943
expense,2944
workout,2945
hidden,2946
blackfriars,2947
temple,2948
yesterday,2949
43,2950
53,2951
amended,2952
invoice,2953
email,2954
confirm,2955
francesco,2956
apex,2957
detailed,2958
info,2959
elephant,2960
doorway,2961
immaculately,2962
bathrobes,2963
slippers,2964
furnishings,2965
concierge,2966
italian,2967
fleet,2968
pleased,2969
spaciousness,2970
quietness,2971
enjoyable,2972
section,2973
list,2974
thanks,2975
mr,2976
duty,2977
helped,2978
presentation,2979
seal,2980
costing,2981
beans,2982
tomato,2983
pudding,2984
edge,2985
theater,2986
outage,2987
taxis,2988
international,2989
communicate,2990
disabled,2991
april,2992
settled,2993
mouse,2994
int,2995
nan,2996
emergency,2997
consistently,2998
silly,2999
inhouse,3000
external,3001
factors,3002
complicated,3003
provider,3004
died,3005
fly,3006
exhibition,3007
proffessional,3008
hospitality,3009
worthwhile,3010
disinterested,3011
rapid,3012
toilets,3013
whenever,3014
snooty,3015
peace,3016
supplement,3017
junior,3018
games,3019
finger,3020
alcoholic,3021
24hrs,3022
covent,3023
soho,3024
westminster,3025
discreet,3026
offers,3027
soda,3028
lattes,3029
types,3030
reduction,3031
coupon,3032
la,3033
carte,3034
trek,3035
finest,3036
personalised,3037
knocked,3038
dressing,3039
gown,3040
hugely,3041
pleasantly,3042
surprised,3043
hired,3044
allocate,3045
biggest,3046
milks,3047
jug,3048
rattled,3049
comprehensive,3050
brand,3051
uncovered,3052
flies,3053
fox,3054
coverage,3055
extent,3056
shop,3057
bistro,3058
accessing,3059
congestion,3060
zone,3061
portable,3062
lone,3063
overwhelmed,3064
tranquil,3065
printing,3066
stable,3067
rigid,3068
rules,3069
plane,3070
reply,3071
male,3072
face,3073
harsh,3074
tone,3075
wonder,3076
hoping,3077
father,3078
replied,3079
guaranteed,3080
baggage,3081
tag,3082
pairs,3083
remaining,3084
pulling,3085
file,3086
parents,3087
soooo,3088
bf,3089
fill,3090
following,3091
procedures,3092
inflexible,3093
sunlight,3094
hit,3095
unfriendly,3096
occasional,3097
crispy,3098
apples,3099
refills,3100
south,3101
serene,3102
hyde,3103
appealing,3104
leading,3105
theatres,3106
traveller,3107
baby,3108
contains,3109
count,3110
natural,3111
phenomenal,3112
guiding,3113
pick,3114
castle,3115
spa,3116
obvious,3117
include,3118
misleading,3119
claustrophobic,3120
queue,3121
cubicle,3122
degree,3123
bowl,3124
slices,3125
liverpool,3126
five,3127
afford,3128
catch,3129
skin,3130
teeth,3131
fare,3132
quoted,3133
26,3134
feedback,3135
apple,3136
mixer,3137
stank,3138
bubbly,3139
ours,3140
honesty,3141
floorboards,3142
complimented,3143
underwhelming,3144
faster,3145
smile,3146
nescafe,3147
pen,3148
hoover,3149
standing,3150
blanket,3151
based,3152
memory,3153
foam,3154
surprisingly,3155
unsatisfactory,3156
shaft,3157
daughters,3158
18th,3159
grumpy,3160
forever,3161
trying,3162
appears,3163
clients,3164
washing,3165
supplied,3166
smooth,3167
competitors,3168
stays,3169
cosmetic,3170
stale,3171
applicable,3172
splendid,3173
carpets,3174
unstable,3175
comfotable,3176
cos,3177
staffed,3178
varied,3179
spare,3180
nespresso,3181
residential,3182
165,3183
metres,3184
accident,3185
assumed,3186
sides,3187
december,3188
accustomed,3189
climate,3190
tasteful,3191
operation,3192
peak,3193
sullen,3194
ringing,3195
seperate,3196
occasions,3197
speaking,3198
emailing,3199
supposed,3200
promising,3201
folding,3202
cot,3203
1000,3204
afforded,3205
canceled,3206
rebooked,3207
cancellation,3208
insisted,3209
resolve,3210
contacted,3211
recognized,3212
six,3213
insist,3214
letter,3215
policy,3216
dropped,3217
unnecessary,3218
waste,3219
resources,3220
illness,3221
speaks,3222
recent,3223
description,3224
decision,3225
whom,3226
16th,3227
dec,3228
6th,3229
blamed,3230
failure,3231
communication,3232
niece,3233
apartment,3234
decaff,3235
packet,3236
elemis,3237
smokers,3238
balcony,3239
doorstep,3240
oddly,3241
heart,3242
hustle,3243
immaculate,3244
robes,3245
st,3246
pancras,3247
trafalgar,3248
sq,3249
tate,3250
oldest,3251
wireless,3252
chaotic,3253
drawback,3254
rubber,3255
preparation,3256
drive,3257
oasis,3258
pringles,3259
jelly,3260
reasons,3261
rooftops,3262
aesthetically,3263
example,3264
colors,3265
besides,3266
waiter,3267
mother,3268
chilling,3269
rooftop,3270
admitted,3271
previously,3272
adjoining,3273
penthouse,3274
suites,3275
showing,3276
destinations,3277
leisure,3278
marvelous,3279
minimalistic,3280
frequently,3281
searching,3282
closer,3283
149,3284
avoided,3285
easier,3286
spoil,3287
ratings,3288
voices,3289
norm,3290
soundproofed,3291
sits,3292
robe,3293
tough,3294
beyond,3295
jack,3296
bose,3297
connection,3298
humans,3299
thursday,3300
rocks,3301
lowered,3302
automatic,3303
wheelchair,3304
users,3305
swift,3306
soak,3307
baths,3308
prepare,3309
thames,3310
shard,3311
oxford,3312
boat,3313
blue,3314
holding,3315
tray,3316
ordering,3317
balconies,3318
weekends,3319
cord,3320
drying,3321
technology,3322
unexpected,3323
christmas,3324
tucked,3325
ingredients,3326
ages,3327
hasn,3328
link,3329
ben,3330
basin,3331
waters,3332
afield,3333
pleasure,3334
cuppa,3335
sensible,3336
exelent,3337
ducks,3338
ensuite,3339
interrupted,3340
speaker,3341
discounted,3342
named,3343
equally,3344
tourists,3345
likewise,3346
length,3347
magnifying,3348
makeup,3349
unlock,3350
stand,3351
contents,3352
unbeatable,3353
costly,3354
dinners,3355
readily,3356
sa,3357
unavailable,3358
risotto,3359
financial,3360
thus,3361
knowledgable,3362
attempted,3363
piece,3364
knowledge,3365
race,3366
pauls,3367
atmospheric,3368
clothing,3369
da,3370
dealt,3371
met,3372
exceeded,3373
corporate,3374
events,3375
understandable,3376
buggy,3377
maze,3378
acted,3379
cover,3380
spoon,3381
stain,3382
activate,3383
keycard,3384
complementary,3385
flakey,3386
hesitation,3387
delayed,3388
3am,3389
picked,3390
suffers,3391
rip,3392
considerate,3393
brings,3394
flights,3395
theatreland,3396
involved,3397
crossing,3398
raining,3399
carry,3400
ipod,3401
speakers,3402
menus,3403
encouraged,3404
fittings,3405
breckfast,3406
stocked,3407
furnishing,3408
relaxation,3409
telephoned,3410
celebration,3411
passports,3412
asian,3413
inn,3414
strongly,3415
formal,3416
regards,3417
thinks,3418
painful,3419
alone,3420
suggested,3421
untrue,3422
repeated,3423
comfiest,3424
paddington,3425
leisurely,3426
scenic,3427
kippers,3428
prevented,3429
server,3430
stopping,3431
faultless,3432
circus,3433
charger,3434
dumped,3435
cloths,3436
cloth,3437
sky,3438
sports,3439
chest,3440
husbands,3441
30th,3442
handwritten,3443
aldwych,3444
offering,3445
shaving,3446
flaw,3447
flush,3448
painted,3449
awfully,3450
unbearable,3451
walkway,3452
student,3453
britain,3454
anniversary,3455
inner,3456
neither,3457
carpeted,3458
spoiled,3459
pocket,3460
pipe,3461
lid,3462
notch,3463
slowly,3464
eu,3465
opener,3466
results,3467
compare,3468
60th,3469
thousand,3470
son,3471
reference,3472
greeting,3473
luca,3474
band,3475
alex,3476
laugh,3477
tooth,3478
adapter,3479
movies,3480
pin,3481
gain,3482
code,3483
cleared,3484
ultra,3485
snug,3486
friendliness,3487
99,3488
royal,3489
moving,3490
ahead,3491
personable,3492
arrange,3493
ants,3494
airconditioner,3495
alittle,3496
busses,3497
breakfest,3498
locks,3499
outdated,3500
ambiance,3501
comfortably,3502
controlled,3503
crisp,3504
limp,3505
boiled,3506
says,3507
lousy,3508
maid,3509
smallish,3510
nye,3511
celebrations,3512
report,3513
attentiveness,3514
eve,3515
selected,3516
adjusted,3517
commented,3518
inefficient,3519
lived,3520
buckingham,3521
tower,3522
bridge,3523
roomservice,3524
specify,3525
fridges,3526
temperamental,3527
equivalent,3528
lounges,3529
minded,3530
purposely,3531
riverside,3532
apologized,3533
cathedral,3534
embankment,3535
ones,3536
pret,3537
fri,3538
sat,3539
departure,3540
socks,3541
flashy,3542
musical,3543
caf,3544
garfunkels,3545
carrying,3546
hop,3547
hail,3548
20mins,3549
brother,3550
caliber,3551
provides,3552
waitress,3553
van,3554
engine,3555
attempts,3556
45pm,3557
9pm,3558
england,3559
isnt,3560
valet,3561
boyfriends,3562
pregnant,3563
inns,3564
confy,3565
shout,3566
michael,3567
dead,3568
entered,3569
21st,3570
adapted,3571
styling,3572
apologising,3573
anybody,3574
adequately,3575
mirrors,3576
shave,3577
220,3578
hundred,3579
pros,3580
cons,3581
cabs,3582
hooks,3583
loss,3584
function,3585
golden,3586
roads,3587
travels,3588
log,3589
houses,3590
1hr,3591
learn,3592
hospitable,3593
gather,3594
thoughts,3595
rushing,3596
lively,3597
fifteen,3598
reliable,3599
bottled,3600
omelette,3601
ham,3602
name,3603
easter,3604
fixtures,3605
theaters,3606
aloof,3607
criticise,3608
optional,3609
thoroughly,3610
venture,3611
chips,3612
swim,3613
victoria,3614
smokey,3615
pancakes,3616
network,3617
furthermore,3618
breeze,3619
weetabix,3620
pastry,3621
breafast,3622
dual,3623
fitted,3624
queried,3625
l,3626
strand,3627
north,3628
holborn,3629
reachable,3630
interconnecting,3631
instantly,3632
disappointment,3633
unit,3634
clicking,3635
occasionally,3636
docking,3637
exist,3638
sliding,3639
jacket,3640
partner,3641
bubble,3642
western,3643
descent,3644
steak,3645
perfection,3646
chef,3647
compliment,3648
hairs,3649
accomodating,3650
mainly,3651
photo,3652
abt,3653
id,3654
includes,3655
outlets,3656
clever,3657
bench,3658
shades,3659
refreshment,3660
helpfulness,3661
mode,3662
legal,3663
landmarks,3664
overnight,3665
lowest,3666
demand,3667
become,3668
unwind,3669
ports,3670
seriously,3671
adapters,3672
doorman,3673
impatient,3674
bordering,3675
awoken,3676
sincere,3677
apologies,3678
latter,3679
boring,3680
cleanest,3681
genuine,3682
adjustable,3683
disturb,3684
ridiculous,3685
softer,3686
approx,3687
closest,3688
lazy,3689
collect,3690
worrying,3691
caring,3692
supportive,3693
purposes,3694
limescale,3695
ice,3696
bucket,3697
remembered,3698
opt,3699
surprising,3700
cake,3701
candles,3702
0,3703
dissapointed,3704
regret,3705
mostly,3706
unobtrusive,3707
remainder,3708
canap,3709
remarkable,3710
dock,3711
iphones,3712
shortly,3713
possibilities,3714
alternatives,3715
jan,3716
2015,3717
allows,3718
devices,3719
feb,3720
numerous,3721
marvellous,3722
message,3723
contrast,3724
qualities,3725
dissapointing,3726
instance,3727
faulted,3728
meet,3729
maps,3730
overcooked,3731
preparing,3732
cabinet,3733
boil,3734
acknowledge,3735
mums,3736
justify,3737
icing,3738
parliament,3739
crown,3740
queues,3741
build,3742
heavier,3743
gift,3744
delay,3745
news,3746
countries,3747
excellently,3748
wrapped,3749
rose,3750
shape,3751
savoy,3752
wanting,3753
entertainment,3754
ensure,3755
generously,3756
refreshed,3757
reviewed,3758
benefits,3759
intimate,3760
roaming,3761
gowns,3762
satellite,3763
contemporary,3764
downtown,3765
overlooked,3766
couldnt,3767
noice,3768
glitch,3769
holds,3770
responded,3771
resolution,3772
accommodations,3773
pack,3774
malfunction,3775
master,3776
roomy,3777
faucet,3778
sun,3779
amusing,3780
happens,3781
push,3782
detract,3783
imagined,3784
drivers,3785
research,3786
undoubtedly,3787
crowds,3788
definetly,3789
pointing,3790
calm,3791
similarly,3792
waterfall,3793
mediocre,3794
25th,3795
x,3796
cuisine,3797
mold,3798
spotty,3799
exceedingly,3800
equidistant,3801
various,3802
yuck,3803
offerings,3804
grade,3805
10min,3806
wines,3807
210,3808
consistent,3809
hd,3810
residents,3811
solid,3812
haven,3813
slot,3814
midday,3815
play,3816
signage,3817
clearer,3818
arrangement,3819
bouncy,3820
quaint,3821
limitations,3822
def,3823
confusion,3824
tastefully,3825
sooo,3826
curtious,3827
smiley,3828
londons,3829
dislikes,3830
skills,3831
land,3832
adverse,3833
respectful,3834
faced,3835
21,3836
informative,3837
cafeteria,3838
defiantly,3839
bulky,3840
kindness,3841
highlights,3842
occupants,3843
owners,3844
goose,3845
tranquility,3846
sloppy,3847
ill,3848
communal,3849
blowing,3850
vents,3851
spec,3852
attentative,3853
guards,3854
richer,3855
familiar,3856
backed,3857
thoroughfare,3858
duvets,3859
amenable,3860
hey,3861
noisier,3862
definite,3863
getaway,3864
blow,3865
paintwork,3866
tiling,3867
hi,3868
manage,3869
jump,3870
positives,3871
millennium,3872
helps,3873
nibbles,3874
beers,3875
venues,3876
mark,3877
waitrose,3878
forth,3879
lancaster,3880
gate,3881
bayswater,3882
patch,3883
lhr,3884
15pm,3885
painting,3886
physical,3887
laughing,3888
porter,3889
receptionists,3890
platter,3891
label,3892
luck,3893
express,3894
facilites,3895
whose,3896
agreed,3897
negotiate,3898
effectively,3899
orders,3900
interface,3901
sloping,3902
equal,3903
divine,3904
battery,3905
queensway,3906
browse,3907
calls,3908
satisfaction,3909
stands,3910
delux,3911
confirmed,3912
shirts,3913
porters,3914
match,3915
images,3916
relocate,3917
underwear,3918
minimum,3919
andrea,3920
havent,3921
figured,3922
marathon,3923
refurb,3924
boys,3925
necessarily,3926
desperate,3927
urgent,3928
hygiene,3929
litter,3930
justified,3931
tho,3932
cabinets,3933
pass,3934
smallness,3935
controller,3936
result,3937
monies,3938
voice,3939
advising,3940
settings,3941
teapot,3942
wants,3943
notify,3944
soy,3945
dental,3946
device,3947
buzzing,3948
bra,3949
och,3950
f,3951
r,3952
att,3953
det,3954
med,3955
celebrating,3956
portion,3957
portions,3958
samsung,3959
gem,3960
swiftly,3961
engaging,3962
resturant,3963
equiped,3964
additional,3965
warmed,3966
galleries,3967
cocktail,3968
w,3969
y,3970
recognition,3971
lavish,3972
grim,3973
stair,3974
dreadful,3975
nicest,3976
toast,3977
aux,3978
uht,3979
pots,3980
treats,3981
confort,3982
flexible,3983
address,3984
gps,3985
manner,3986
princess,3987
cruise,3988
introduction,3989
abroad,3990
personality,3991
restroom,3992
grate,3993
nil,3994
quietest,3995
drab,3996
wonderfull,3997
tidied,3998
globe,3999
restrictions,4000
rented,4001
stolen,4002
800,4003
shortage,4004
cameras,4005
identify,4006
supposedly,4007
tops,4008
im,4009
applied,4010
interacted,4011
queen,4012
pic,4013
fancy,4014
indian,4015
neglected,4016
budget,4017
indeed,4018
packed,4019
wave,4020
jet,4021
flushing,4022
vital,4023
instruction,4024
operate,4025
largely,4026
120,4027
furbished,4028
omg,4029
sideways,4030
appropriate,4031
commuting,4032
resturants,4033
representative,4034
cluttered,4035
australia,4036
response,4037
coloured,4038
odd,4039
restricted,4040
overhead,4041
majority,4042
ornate,4043
7pm,4044
alley,4045
wider,4046
splash,4047
suburb,4048
throw,4049
smiles,4050
exceptions,4051
soup,4052
courses,4053
unpack,4054
app,4055
challenge,4056
assist,4057
bathrobe,4058
drafty,4059
child,4060
consequently,4061
youngest,4062
crack,4063
dawn,4064
marred,4065
shared,4066
tile,4067
grout,4068
blonde,4069
trainee,4070
harrods,4071
chargeable,4072
matters,4073
3rd,4074
artificial,4075
professionally,4076
laptop,4077
montcalm,4078
brekkie,4079
drainage,4080
prevent,4081
hardest,4082
lined,4083
reviewers,4084
squeezed,4085
strength,4086
edgeware,4087
bay,4088
collection,4089
crowd,4090
laundromat,4091
manageable,4092
respect,4093
trust,4094
lock,4095
wardrobes,4096
user,4097
hole,4098
cracked,4099
sizes,4100
human,4101
flower,4102
auto,4103
regard,4104
1200,4105
cancel,4106
cash,4107
reimbursed,4108
georgian,4109
squeeze,4110
swing,4111
cat,4112
knees,4113
released,4114
messed,4115
noon,4116
incorrect,4117
greasy,4118
trick,4119
visa,4120
eur,4121
roll,4122
positioned,4123
cellar,4124
fro,4125
carpeting,4126
professionalism,4127
strategic,4128
overbearing,4129
behalf,4130
debit,4131
account,4132
complications,4133
occurred,4134
helen,4135
counter,4136
distances,4137
biscuit,4138
overcharge,4139
confirmation,4140
invited,4141
ventilated,4142
cushions,4143
jumping,4144
joined,4145
bruises,4146
lying,4147
toe,4148
stressed,4149
160,4150
emails,4151
concealed,4152
flowers,4153
childrens,4154
clinical,4155
moments,4156
bird,4157
tatty,4158
vehicles,4159
locality,4160
effect,4161
usable,4162
relocated,4163
profesional,4164
recomend,4165
humming,4166
apologetic,4167
purchased,4168
miles,4169
supervisor,4170
overbooking,4171
laying,4172
refundable,4173
amend,4174
panelling,4175
sprayed,4176
umbrella,4177
rush,4178
affordable,4179
premium,4180
nevertheless,4181
shaped,4182
settle,4183
revisit,4184
honeymoon,4185
prosecco,4186
swan,4187
poky,4188
fight,4189
ra,4190
av,4191
var,4192
inte,4193
h,4194
rum,4195
fr,4196
ruined,4197
cheated,4198
downside,4199
draws,4200
arrangements,4201
shelves,4202
inclusive,4203
boilers,4204
convince,4205
pharmacy,4206
struggle,4207
gap,4208
catching,4209
damaged,4210
toothbrushes,4211
copy,4212
rarely,4213
display,4214
carpark,4215
patient,4216
springs,4217
overpaid,4218
dress,4219
directed,4220
branch,4221
flooding,4222
sealant,4223
inches,4224
washroom,4225
140,4226
deserves,4227
timers,4228
pantry,4229
faded,4230
strike,4231
lip,4232
unnecessarily,4233
signature,4234
bookings,4235
stall,4236
fold,4237
amazed,4238
national,4239
color,4240
layer,4241
wiped,4242
sizeable,4243
perk,4244
converter,4245
usage,4246
handed,4247
bellman,4248
track,4249
operational,4250
chipped,4251
ensured,4252
photographs,4253
manually,4254
peoples,4255
describe,4256
02,4257
shattered,4258
09,4259
bell,4260
wont,4261
liars,4262
toddler,4263
unreasonable,4264
scruffy,4265
suprise,4266
friendlier,4267
dresses,4268
proposed,4269
extend,4270
rang,4271
pouring,4272
informing,4273
authority,4274
xxxxxx,4275
premier,4276
dungeon,4277
festival,4278
din,4279
190,4280
cm,4281
70,4282
height,4283
cleaness,4284
pleasent,4285
singing,4286
overdone,4287
condiments,4288
sauce,4289
rabbit,4290
touched,4291
extractor,4292
outrageous,4293
claim,4294
relative,4295
reflection,4296
clue,4297
barged,4298
iconic,4299
enclosed,4300
22,4301
draft,4302
politeness,4303
thicker,4304
courtesy,4305
coolest,4306
hotell,4307
sons,4308
pram,4309
serviceminded,4310
restaraunt,4311
beverages,4312
cried,4313
stuck,4314
shake,4315
walks,4316
jr,4317
hearty,4318
billed,4319
anytime,4320
survive,4321
exact,4322
soul,4323
sample,4324
barman,4325
resorted,4326
condensation,4327
altogether,4328
hairdryers,4329
radiators,4330
shouting,4331
tlc,4332
tomorrow,4333
bearable,4334
questioned,4335
4pm,4336
google,4337
luggages,4338
likely,4339
systems,4340
glazed,4341
potatoes,4342
elbow,4343
taps,4344
cancelled,4345
needless,4346
stepped,4347
grab,4348
rung,4349
sooner,4350
coat,4351
preventing,4352
leakage,4353
media,4354
spotlights,4355
atleast,4356
removing,4357
hundreds,4358
metre,4359
bloody,4360
shambles,4361
brushed,4362
departments,4363
roses,4364
genius,4365
solved,4366
recommending,4367
score,4368
lumps,4369
inc,4370
overcharged,4371
cctv,4372
footage,4373
atrocious,4374
withdraw,4375
shockingly,4376
behaviour,4377
unorganised,4378
advanced,4379
infant,4380
doubt,4381
illegal,4382
shampoos,4383
usd,4384
registration,4385
basins,4386
efforts,4387
rated,4388
padding,4389
loves,4390
rooom,4391
2pm,4392
persons,4393
earth,4394
pics,4395
refreshing,4396
animal,4397
pets,4398
450,4399
overbooked,4400
palm,4401
inferior,4402
misinformation,4403
micro,4404
oriented,4405
transfers,4406
leg,4407
families,4408
virtually,4409
lighter,4410
solving,4411
hide,4412
annoyance,4413
hire,4414
mate,4415
complimentry,4416
comp,4417
10am,4418
4am,4419
outlet,4420
torn,4421
hence,4422
strangely,4423
balance,4424
discuss,4425
blew,4426
fabric,4427
enquired,4428
remain,4429
reservations,4430
enterance,4431
exposed,4432
skirting,4433
pricy,4434
storing,4435
ect,4436
bt,4437
sport,4438
essentials,4439
rock,4440
irritating,4441
directing,4442
rood,4443
password,4444
jobs,4445
conditions,4446
statement,4447
extraordinary,4448
skype,4449
pleasing,4450
appear,4451
mars,4452
reputable,4453
item,4454
principle,4455
nyc,4456
weary,4457
awoke,4458
burning,4459
severe,4460
arms,4461
inspection,4462
bedbugs,4463
contacting,4464
assistant,4465
bites,4466
swollen,4467
bump,4468
discussion,4469
injury,4470
valued,4471
anticipated,4472
guys,4473
doormen,4474
yoga,4475
ball,4476
weights,4477
helper,4478
study,4479
qualify,4480
field,4481
increasing,4482
accepted,4483
smartphone,4484
unlimited,4485
curry,4486
usa,4487
applying,4488
adjustments,4489
graciously,4490
brush,4491
mats,4492
hauling,4493
pork,4494
muslims,4495
helpfull,4496
talk,4497
depressing,4498
obliged,4499
chargers,4500
oops,4501
dealing,4502
potentially,4503
tow,4504
claimed,4505
alarms,4506
drops,4507
co,4508
operative,4509
shifted,4510
significantly,4511
automated,4512
recompense,4513
6ft,4514
mould,4515
scramble,4516
straff,4517
bleak,4518
arm,4519
cornwall,4520
cotton,4521
buds,4522
pads,4523
sewing,4524
kit,4525
coats,4526
handling,4527
ultimately,4528
frustrated,4529
remains,4530
quicker,4531
royale,4532
routes,4533
legs,4534
create,4535
pieces,4536
scratchy,4537
4star,4538
bang,4539
heaters,4540
diana,4541
advices,4542
queries,4543
capable,4544
kinds,4545
continue,4546
joy,4547
piping,4548
concerts,4549
flawless,4550
sightsee,4551
loaded,4552
mitre,4553
mary,4554
enabled,4555
lie,4556
yellow,4557
headboard,4558
batteries,4559
telly,4560
resulting,4561
cancelling,4562
deliveries,4563
activated,4564
flexibility,4565
spartan,4566
conducive,4567
escorted,4568
assisting,4569
stopover,4570
ear,4571
sleeper,4572
bumped,4573
shook,4574
horror,4575
upsetting,4576
froze,4577
beware,4578
seemingly,4579
visitor,4580
selves,4581
discussed,4582
broke,4583
concerns,4584
grande,4585
mare,4586
hrs,4587
surgery,4588
gm,4589
32,4590
dissatisfied,4591
le,4592
quartier,4593
wa,4594
tiled,4595
driving,4596
cars,4597
dressed,4598
reacted,4599
responsibility,4600
reaction,4601
anyhow,4602
remarkably,4603
colder,4604
blower,4605
somebody,4606
frame,4607
necessities,4608
cosey,4609
license,4610
loyalty,4611
gladly,4612
fianc,4613
fares,4614
technical,4615
neighboring,4616
sara,4617
notting,4618
saving,4619
cream,4620
shaver,4621
bloomsbury,4622
grotty,4623
layed,4624
worried,4625
burned,4626
cooking,4627
oil,4628
tacky,4629
energy,4630
sofabed,4631
eight,4632
heavily,4633
yoghurt,4634
cereals,4635
among,4636
relief,4637
ought,4638
signed,4639
papers,4640
greatest,4641
unapologetic,4642
victorian,4643
coordination,4644
upmarket,4645
portobello,4646
greet,4647
dragon,4648
neighbour,4649
answering,4650
answers,4651
plugging,4652
grossly,4653
tainted,4654
arguing,4655
threatened,4656
concern,4657
75,4658
sought,4659
imprint,4660
swipe,4661
argue,4662
warmly,4663
delighted,4664
kings,4665
rattling,4666
supporting,4667
radisson,4668
blu,4669
theirs,4670
bitter,4671
residence,4672
hazardous,4673
viewed,4674
backwards,4675
greedy,4676
borough,4677
disadvantage,4678
gallery,4679
merlot,4680
pressed,4681
cheery,4682
sad,4683
enthusiastic,4684
xx,4685
folk,4686
automatically,4687
focus,4688
commute,4689
overheard,4690
vase,4691
spilt,4692
naff,4693
screaming,4694
regardless,4695
consuming,4696
solely,4697
ensuring,4698
earplugs,4699
habit,4700
facilitated,4701
remembering,4702
material,4703
lunchtime,4704
snack,4705
quilts,4706
increased,4707
cutting,4708
employee,4709
owner,4710
evidence,4711
camera,4712
unpleasant,4713
unused,4714
recover,4715
hip,4716
perspective,4717
yr,4718
females,4719
accomadation,4720
upwards,4721
knowing,4722
figure,4723
language,4724
fooled,4725
chauffeur,4726
teenage,4727
organise,4728
unknown,4729
hearing,4730
magazine,4731
supply,4732
designer,4733
congested,4734
moreover,4735
noting,4736
becouse,4737
deserved,4738
uncomfortably,4739
causing,4740
accomodation,4741
centrally,4742
freindly,4743
11pm,4744
didint,4745
everthing,4746
broom,4747
relationship,4748
cnn,4749
movie,4750
ps,4751
bartender,4752
raw,4753
aswell,4754
mayfair,4755
dairy,4756
cooperative,4757
queueing,4758
convinient,4759
pulled,4760
stead,4761
manoeuvre,4762
draught,4763
apologised,4764
navigate,4765
bend,4766
carries,4767
tina,4768
8th,4769
9th,4770
colleagues,4771
shuttle,4772
misunderstanding,4773
cared,4774
defo,4775
oyster,4776
death,4777
trainees,4778
pedestrians,4779
isolated,4780
07,4781
00am,4782
vacuum,4783
wheel,4784
warming,4785
12am,4786
admit,4787
teeny,4788
observation,4789
lebanese,4790
organising,4791
11am,4792
queens,4793
tiniest,4794
lengthy,4795
sore,4796
ears,4797
maker,4798
ventilator,4799
soundproof,4800
facilitate,4801
assisted,4802
bathing,4803
confined,4804
wise,4805
words,4806
enthusiasm,4807
incl,4808
pushchair,4809
soaking,4810
pokey,4811
reflects,4812
arch,4813
regent,4814
comparing,4815
marginally,4816
routine,4817
carefully,4818
puddle,4819
locked,4820
de,4821
denied,4822
host,4823
vat,4824
quote,4825
refit,4826
hazard,4827
rainforest,4828
appliances,4829
plugged,4830
ad,4831
honoured,4832
jacuzzi,4833
experiance,4834
fatty,4835
win,4836
brands,4837
stunk,4838
sewage,4839
monotonous,4840
smal,4841
needing,4842
grown,4843
lol,4844
downright,4845
unexpectedly,4846
continued,4847
reaching,4848
airco,4849
represent,4850
surround,4851
documents,4852
apps,4853
roomier,4854
bumpy,4855
shoebox,4856
pepper,4857
brown,4858
lightening,4859
stick,4860
steady,4861
miraculously,4862
reluctant,4863
witnessed,4864
unprofessional,4865
gotten,4866
bunch,4867
comforts,4868
70s,4869
dipped,4870
ware,4871
alerted,4872
grace,4873
consisted,4874
individually,4875
hat,4876
normally,4877
responding,4878
debited,4879
upfront,4880
deceptive,4881
measure,4882
ending,4883
edgware,4884
challenged,4885
threw,4886
ignored,4887
rejected,4888
7th,4889
button,4890
harry,4891
potter,4892
studios,4893
boy,4894
extensively,4895
factor,4896
deserve,4897
surface,4898
sour,4899
egg,4900
muslim,4901
vary,4902
criticism,4903
veg,4904
shaftesbury,4905
uncleaned,4906
hash,4907
browns,4908
insulated,4909
uneven,4910
disorganized,4911
shirt,4912
friendlyness,4913
friendliest,4914
pls,4915
snoring,4916
poster,4917
manual,4918
existing,4919
heartbeat,4920
sealed,4921
10pm,4922
expanded,4923
buzz,4924
investigation,4925
hurt,4926
bargain,4927
french,4928
accomodations,4929
load,4930
annex,4931
friendy,4932
strip,4933
aesthetic,4934
command,4935
insane,4936
understanding,4937
forgetting,4938
climb,4939
stature,4940
accused,4941
hadnt,4942
appalled,4943
magazines,4944
grubby,4945
redecorating,4946
workmen,4947
russell,4948
sleepless,4949
requiring,4950
tvs,4951
tesco,4952
brunswick,4953
mall,4954
peeling,4955
wallpaper,4956
cracks,4957
paris,4958
herself,4959
airplane,4960
costed,4961
june,4962
hungry,4963
finishes,4964
pockets,4965
downgraded,4966
passage,4967
601,4968
arc,4969
triumph,4970
champs,4971
elysees,4972
avenue,4973
des,4974
etoile,4975
classical,4976
freely,4977
4g,4978
turns,4979
glamour,4980
refurbed,4981
diligent,4982
pro,4983
active,4984
porte,4985
convention,4986
elys,4987
grapefruit,4988
triomphe,4989
themed,4990
icons,4991
locating,4992
advert,4993
gard,4994
nord,4995
eurostar,4996
variable,4997
wedge,4998
luxe,4999
mum,5000
finishing,5001
aged,5002
towers,5003
sorts,5004
shoulders,5005
roon,5006
sex,5007
julia,5008
activity,5009
11th,5010
leaky,5011
definatly,5012
generous,5013
bins,5014
courtney,5015
patchy,5016
proofed,5017
mushrooms,5018
waterloo,5019
cart,5020
refuse,5021
terribly,5022
backache,5023
touristic,5024
lovers,5025
temps,5026
authorization,5027
cc,5028
slap,5029
2min,5030
funny,5031
ups,5032
scary,5033
miserable,5034
plaza,5035
county,5036
kitchenette,5037
alert,5038
simplicity,5039
hourly,5040
breaking,5041
names,5042
decorating,5043
collecting,5044
award,5045
hose,5046
select,5047
que,5048
understandably,5049
400,5050
marriott,5051
overcrowded,5052
facilties,5053
dad,5054
designated,5055
accomodate,5056
indoor,5057
press,5058
crying,5059
surprises,5060
50th,5061
birthdays,5062
outrageously,5063
nearer,5064
receiving,5065
6pm,5066
wow,5067
grey,5068
wind,5069
pile,5070
gatwick,5071
nasty,5072
rubbery,5073
bland,5074
excelent,5075
touching,5076
penny,5077
wrote,5078
marta,5079
crockery,5080
pitch,5081
queuing,5082
appropriately,5083
grasp,5084
driven,5085
unfortunate,5086
investment,5087
14th,5088
dungeons,5089
failing,5090
programmed,5091
playing,5092
football,5093
stored,5094
throughly,5095
dollar,5096
stinking,5097
235,5098
retained,5099
heritage,5100
russel,5101
tge,5102
bracket,5103
chip,5104
heels,5105
titanic,5106
manger,5107
varieties,5108
fry,5109
attend,5110
competent,5111
concierges,5112
walkers,5113
multi,5114
loos,5115
ucl,5116
stating,5117
vile,5118
inability,5119
uniform,5120
sluggish,5121
creative,5122
reminiscent,5123
189,5124
creaked,5125
overworked,5126
topping,5127
offset,5128
fans,5129
fashion,5130
pickup,5131
greenwich,5132
abbey,5133
ive,5134
stepping,5135
15mins,5136
euston,5137
230,5138
soo,5139
writing,5140
flashing,5141
luke,5142
ish,5143
turnaround,5144
kitted,5145
06,5146
whisky,5147
nightcap,5148
floating,5149
commercial,5150
whereas,5151
switches,5152
unfailingly,5153
eaters,5154
grades,5155
presumably,5156
overflowing,5157
brick,5158
grainy,5159
bijou,5160
generators,5161
minuscule,5162
rendered,5163
challenging,5164
wires,5165
mouldy,5166
tempus,5167
xmas,5168
dull,5169
dismal,5170
lasted,5171
transformed,5172
asap,5173
rusty,5174
armchairs,5175
sundries,5176
95,5177
occassion,5178
130,5179
resident,5180
likes,5181
hum,5182
sumptuous,5183
avaliable,5184
synthetic,5185
refill,5186
unwanted,5187
trolley,5188
crammed,5189
insulation,5190
twenty,5191
napkins,5192
saucers,5193
desert,5194
teaspoon,5195
continues,5196
screwed,5197
repainting,5198
flasks,5199
workable,5200
internally,5201
consierge,5202
detached,5203
attached,5204
highlight,5205
burn,5206
buckets,5207
irish,5208
unusually,5209
mild,5210
continuous,5211
hammering,5212
seats,5213
repaired,5214
madame,5215
drained,5216
horrid,5217
grouting,5218
registered,5219
personel,5220
november,5221
sisters,5222
era,5223
squeaked,5224
squeaking,5225
pictured,5226
knee,5227
booklet,5228
bernard,5229
lemon,5230
dip,5231
restless,5232
granddaughter,5233
sash,5234
appeal,5235
conditioners,5236
q,5237
croissant,5238
perks,5239
madness,5240
evident,5241
monitor,5242
serves,5243
youtube,5244
videos,5245
radio,5246
basics,5247
dispute,5248
washcloths,5249
announcements,5250
rise,5251
terrorist,5252
attacks,5253
fires,5254
opulent,5255
repairs,5256
preserved,5257
entertaining,5258
distorted,5259
comforter,5260
faults,5261
connections,5262
5am,5263
sirens,5264
image,5265
utility,5266
cookie,5267
efficent,5268
conciege,5269
ipad,5270
desperately,5271
requires,5272
exorbitant,5273
lovey,5274
untidy,5275
healthy,5276
apply,5277
facecloths,5278
sublime,5279
pigeon,5280
tedious,5281
bfast,5282
organization,5283
senior,5284
28,5285
hats,5286
smoker,5287
trays,5288
lastly,5289
freshener,5290
teenagers,5291
safely,5292
cushion,5293
ans,5294
incapable,5295
bringing,5296
century,5297
refresh,5298
chandelier,5299
architectural,5300
blame,5301
combining,5302
opulence,5303
grandeur,5304
ambassador,5305
themes,5306
communicating,5307
guarantee,5308
gbp,5309
holder,5310
keeps,5311
popping,5312
chatting,5313
lager,5314
skyline,5315
southbank,5316
shambolic,5317
belong,5318
brill,5319
realize,5320
veggie,5321
flew,5322
serge,5323
enormously,5324
scored,5325
tested,5326
significant,5327
liquid,5328
stone,5329
13th,5330
awkwardly,5331
stream,5332
netflix,5333
reseption,5334
entertained,5335
leaks,5336
navigating,5337
suggestion,5338
leather,5339
dried,5340
antiquated,5341
praise,5342
begging,5343
architect,5344
hitting,5345
fixing,5346
wedged,5347
disco,5348
aid,5349
functions,5350
aggressive,5351
apparent,5352
installed,5353
embarrassment,5354
scheduled,5355
listing,5356
library,5357
carluccio,5358
respects,5359
successfully,5360
lose,5361
tasting,5362
action,5363
comparable,5364
substandard,5365
reflect,5366
pancreas,5367
sophisticated,5368
imperial,5369
frankly,5370
asthma,5371
chase,5372
books,5373
literature,5374
slice,5375
humid,5376
occupancy,5377
sold,5378
1500,5379
limit,5380
unplug,5381
darker,5382
expects,5383
according,5384
corrected,5385
staffing,5386
believing,5387
hr,5388
upholstery,5389
exemplary,5390
ambulance,5391
kim,5392
beef,5393
lamb,5394
quilt,5395
chilly,5396
misrepresented,5397
honour,5398
catering,5399
disgrace,5400
film,5401
landing,5402
knobs,5403
purely,5404
tear,5405
scuffs,5406
pure,5407
wheels,5408
glory,5409
suffered,5410
flannels,5411
appointment,5412
mineral,5413
elegance,5414
eyes,5415
cleanses,5416
bowls,5417
goog,5418
heaps,5419
pampered,5420
engineer,5421
approximately,5422
appointments,5423
fighting,5424
exam,5425
melted,5426
garbage,5427
record,5428
incompetent,5429
clocks,5430
banana,5431
12th,5432
raphael,5433
giulia,5434
married,5435
mom,5436
bulbs,5437
notes,5438
clipper,5439
deals,5440
cobwebs,5441
worthy,5442
flannel,5443
adaptor,5444
decide,5445
hung,5446
cooler,5447
knob,5448
seamless,5449
closely,5450
feathers,5451
swap,5452
mask,5453
tinned,5454
demeanour,5455
partial,5456
airports,5457
nose,5458
warned,5459
eiffel,5460
coke,5461
approached,5462
circle,5463
reminded,5464
chinatown,5465
flaking,5466
tied,5467
rotten,5468
poached,5469
oversight,5470
disliked,5471
fluent,5472
bizarre,5473
scam,5474
aquarium,5475
niggles,5476
clearing,5477
creates,5478
james,5479
omelettes,5480
humidity,5481
nt,5482
dresser,5483
dear,5484
wandering,5485
text,5486
messages,5487
roundabout,5488
atrium,5489
scale,5490
evrything,5491
catered,5492
topped,5493
speedy,5494
10th,5495
stage,5496
strawberry,5497
belgian,5498
fingers,5499
danish,5500
thou,5501
shot,5502
mass,5503
produced,5504
packs,5505
extract,5506
powered,5507
carton,5508
royalty,5509
program,5510
coping,5511
downfall,5512
24h,5513
mugs,5514
loby,5515
firmly,5516
stairwell,5517
rebook,5518
polished,5519
wipe,5520
sewer,5521
roadworks,5522
mystery,5523
nick,5524
omelet,5525
materials,5526
suffer,5527
severely,5528
locking,5529
cables,5530
surcharge,5531
ambient,5532
march,5533
war,5534
enhanced,5535
forms,5536
heads,5537
video,5538
streaming,5539
lag,5540
traveled,5541
pier,5542
spirit,5543
veiw,5544
wishes,5545
capital,5546
hurry,5547
sachet,5548
beneficial,5549
bite,5550
collected,5551
partition,5552
chaos,5553
gd,5554
ahmed,5555
capsule,5556
associated,5557
passport,5558
thw,5559
cordial,5560
programme,5561
tells,5562
refurbish,5563
chief,5564
resteraunt,5565
starter,5566
packets,5567
excited,5568
prohibitive,5569
diners,5570
coeliac,5571
disconcerting,5572
grandson,5573
sweets,5574
fireworks,5575
thomas,5576
kick,5577
prebooked,5578
becoming,5579
gray,5580
greatly,5581
allergies,5582
sea,5583
breaks,5584
unforgettable,5585
markets,5586
lagged,5587
babies,5588
sum,5589
daniel,5590
arround,5591
bulb,5592
viewing,5593
adventure,5594
reset,5595
housekeepers,5596
definition,5597
rails,5598
cheek,5599
marie,5600
italy,5601
ques,5602
compliments,5603
cooled,5604
proceeded,5605
illuminated,5606
sorting,5607
bday,5608
amounts,5609
pullout,5610
talked,5611
gracious,5612
confirming,5613
burnt,5614
05,5615
pushy,5616
iv,5617
resort,5618
establishment,5619
ghastly,5620
login,5621
sooooo,5622
elegantly,5623
patisseries,5624
charles,5625
gaulle,5626
leafy,5627
lys,5628
es,5629
manageress,5630
pretentious,5631
remedy,5632
fizz,5633
duration,5634
yummy,5635
scarce,5636
prompt,5637
films,5638
2000,5639
vert,5640
chap,5641
utensils,5642
109,5643
700,5644
miscommunication,5645
thereafter,5646
bumping,5647
rarity,5648
preoccupied,5649
consume,5650
waits,5651
guided,5652
georgia,5653
remedied,5654
queued,5655
goodies,5656
join,5657
correspond,5658
cdg,5659
rer,5660
france,5661
frustration,5662
excuses,5663
stories,5664
buttons,5665
silver,5666
lining,5667
displayed,5668
assortment,5669
movement,5670
force,5671
hosts,5672
questionable,5673
arrogant,5674
desire,5675
gold,5676
theme,5677
deter,5678
noticeable,5679
gels,5680
interact,5681
brusque,5682
characters,5683
switching,5684
ticked,5685
boxes,5686
vintage,5687
channel,5688
impolite,5689
mill,5690
cardboard,5691
pineapple,5692
canteen,5693
spacey,5694
specious,5695
beakfast,5696
cheapest,5697
vouchers,5698
lication,5699
refer,5700
2017,5701
accompanied,5702
excluding,5703
ruin,5704
tripping,5705
waffles,5706
crap,5707
continually,5708
guide,5709
ginger,5710
frontdesk,5711
coupons,5712
greetings,5713
unpacked,5714
cheerfully,5715
laughed,5716
expectation,5717
runners,5718
bearing,5719
vip,5720
harder,5721
claudio,5722
1030,5723
opera,5724
soggy,5725
brochure,5726
intercontinental,5727
dingy,5728
theo,5729
mouth,5730
watering,5731
ihg,5732
matched,5733
27,5734
exellent,5735
hanger,5736
spotted,5737
favor,5738
602,5739
panelled,5740
scratched,5741
homeless,5742
currency,5743
unhealthy,5744
beatiful,5745
kinda,5746
downhill,5747
plush,5748
satisfying,5749
suggestions,5750
talks,5751
languages,5752
flying,5753
loacation,5754
amy,5755
bc,5756
seasons,5757
vfm,5758
clientele,5759
treating,5760
ignorant,5761
individuals,5762
quid,5763
rudeness,5764
restocking,5765
pods,5766
vomit,5767
stuffs,5768
decaf,5769
himself,5770
fries,5771
tents,5772
receptive,5773
novotel,5774
data,5775
odour,5776
beggars,5777
spoiling,5778
cooperation,5779
refugees,5780
graffiti,5781
bun,5782
waiters,5783
industry,5784
compliant,5785
adjustment,5786
kid,5787
overflow,5788
sweating,5789
mad,5790
crucial,5791
thrilled,5792
saver,5793
economical,5794
bored,5795
alter,5796
delivering,5797
tech,5798
advertises,5799
inwards,5800
source,5801
discretionary,5802
dorchester,5803
nit,5804
picking,5805
overhaul,5806
quibble,5807
benedict,5808
dire,5809
wink,5810
february,5811
unreal,5812
stingy,5813
department,5814
sending,5815
restuarant,5816
lactose,5817
soya,5818
lies,5819
claims,5820
protection,5821
crew,5822
yo,5823
sevice,5824
inflated,5825
untrained,5826
authorisation,5827
lil,5828
stinky,5829
discover,5830
jubilee,5831
31,5832
medicine,5833
arranging,5834
disable,5835
hopeless,5836
sided,5837
wembley,5838
awhile,5839
sagged,5840
folks,5841
frendly,5842
36,5843
yrs,5844
treatments,5845
storm,5846
feed,5847
allergy,5848
replacements,5849
overpowering,5850
wealthy,5851
24hr,5852
dined,5853
ratio,5854
renewing,5855
quantity,5856
landmark,5857
definatley,5858
45am,5859
dissatisfaction,5860
rolled,5861
discomfort,5862
obstructed,5863
roman,5864
lean,5865
pace,5866
subsequently,5867
dancing,5868
parties,5869
olds,5870
smoothly,5871
403,5872
2am,5873
upscale,5874
favorite,5875
kicked,5876
transported,5877
fabulously,5878
magical,5879
indigo,5880
exclusive,5881
utilities,5882
refrigerators,5883
complains,5884
sunset,5885
circulation,5886
test,5887
grumble,5888
lavender,5889
turndown,5890
chlorine,5891
pleasurable,5892
tries,5893
chanel,5894
rings,5895
influence,5896
privilege,5897
hike,5898
cheesecake,5899
paintings,5900
loyal,5901
chick,5902
shouted,5903
staid,5904
smelling,5905
ft,5906
overlook,5907
jammed,5908
reccomend,5909
precious,5910
enjoyment,5911
skip,5912
hottest,5913
creating,5914
lavatory,5915
texture,5916
unheard,5917
chewing,5918
gum,5919
advertisement,5920
decorate,5921
expencive,5922
600,5923
realy,5924
outward,5925
futuristic,5926
darkness,5927
slipping,5928
paste,5929
confirmations,5930
fulfill,5931
pump,5932
alcohol,5933
disrespectful,5934
departing,5935
plants,5936
79,5937
dept,5938
companies,5939
rust,5940
olde,5941
dame,5942
bothersome,5943
brief,5944
maintainance,5945
du,5946
dragged,5947
apologize,5948
shrugged,5949
freezer,5950
extraction,5951
redecoration,5952
toooo,5953
sundays,5954
ir,5955
god,5956
monuments,5957
breathtaking,5958
kitkat,5959
patrons,5960
exotic,5961
notification,5962
choise,5963
evian,5964
jazz,5965
chased,5966
shepherd,5967
rack,5968
buffett,5969
curved,5970
crisps,5971
drenched,5972
pathetic,5973
tab,5974
brushing,5975
filtered,5976
urgently,5977
tha,5978
dates,5979
rebate,5980
preferable,5981
calibre,5982
bastille,5983
surpassed,5984
glimpse,5985
luxembourg,5986
fits,5987
latin,5988
germain,5989
pres,5990
neighborhoods,5991
michel,5992
montmartre,5993
notre,5994
brewed,5995
herbal,5996
greek,5997
rolling,5998
sorbonne,5999
norte,6000
horrendous,6001
insulting,6002
edwardian,6003
schedule,6004
greater,6005
pays,6006
fear,6007
takeaway,6008
fortune,6009
imaginable,6010
abandoned,6011
utterly,6012
capsules,6013
blend,6014
nope,6015
throwing,6016
container,6017
seafood,6018
fake,6019
fur,6020
fixture,6021
inclined,6022
inch,6023
localization,6024
losing,6025
scratch,6026
connecting,6027
flaky,6028
parisian,6029
enclosure,6030
pantheon,6031
interaction,6032
au,6033
louis,6034
effel,6035
saint,6036
unusable,6037
depending,6038
gare,6039
jaded,6040
marked,6041
mod,6042
wondered,6043
lillie,6044
langtry,6045
allegedly,6046
burst,6047
agreement,6048
nd,6049
buffets,6050
stade,6051
nav,6052
runny,6053
sacre,6054
coeur,6055
sets,6056
ofcourse,6057
insecure,6058
est,6059
dennis,6060
stadium,6061
expenses,6062
denis,6063
hong,6064
kong,6065
dozen,6066
exhaust,6067
maintaining,6068
monument,6069
jardins,6070
touristy,6071
hostess,6072
louvre,6073
economy,6074
colours,6075
divided,6076
palais,6077
odeon,6078
antique,6079
cluny,6080
monoprix,6081
intimidating,6082
trocadero,6083
soaps,6084
pullman,6085
les,6086
docks,6087
suspicious,6088
rugby,6089
strewn,6090
boulevard,6091
pedestrian,6092
secret,6093
knows,6094
object,6095
coach,6096
breaker,6097
recall,6098
fulfilled,6099
abysmal,6100
horribly,6101
departed,6102
drill,6103
manners,6104
choosing,6105
coughing,6106
trade,6107
lightning,6108
shock,6109
vast,6110
vacated,6111
eifel,6112
insect,6113
concerning,6114
contain,6115
mistakes,6116
fascinating,6117
pains,6118
gratuity,6119
ambulances,6120
racing,6121
distinct,6122
ormond,6123
nighttime,6124
threadbare,6125
inquired,6126
decorative,6127
airline,6128
makeover,6129
widely,6130
64,6131
yogurts,6132
duties,6133
college,6134
elysee,6135
sloped,6136
screens,6137
sunny,6138
younger,6139
interactions,6140
tempted,6141
lily,6142
perform,6143
behave,6144
dozens,6145
banks,6146
records,6147
thorough,6148
permanently,6149
japanese,6150
lighted,6151
bubbles,6152
fraction,6153
fountain,6154
sheer,6155
effiel,6156
servers,6157
rich,6158
jardin,6159
refurbishing,6160
sensational,6161
seine,6162
overwhelming,6163
unwilling,6164
shady,6165
damper,6166
petrol,6167
chapelle,6168
success,6169
drench,6170
lime,6171
mothers,6172
tripadvisor,6173
discovering,6174
scene,6175
desserts,6176
glamorous,6177
machinery,6178
80th,6179
obscured,6180
rectify,6181
tempting,6182
acoustics,6183
stench,6184
drag,6185
bbc,6186
blvd,6187
reno,6188
shoe,6189
ambassadors,6190
sketchy,6191
tony,6192
fortunate,6193
prime,6194
bidet,6195
inconsiderate,6196
flimsy,6197
toward,6198
dissapointment,6199
colour,6200
mrs,6201
goring,6202
nervous,6203
rule,6204
suggesting,6205
sleepy,6206
functioning,6207
latest,6208
highest,6209
floods,6210
lonely,6211
cumbersome,6212
status,6213
fireplaces,6214
70th,6215
digital,6216
groceries,6217
sainsbury,6218
ppl,6219
fiance,6220
lilly,6221
ro,6222
2mins,6223
cherry,6224
shuts,6225
outcome,6226
furnitures,6227
intermittent,6228
stronger,6229
disney,6230
ruining,6231
ther,6232
reporting,6233
comb,6234
hoovering,6235
40mins,6236
flats,6237
bond,6238
authentic,6239
acces,6240
companion,6241
disconnect,6242
exselant,6243
bent,6244
districts,6245
panini,6246
spruce,6247
drawing,6248
nine,6249
discussions,6250
bellboy,6251
asia,6252
japan,6253
haul,6254
petite,6255
nites,6256
72,6257
jogging,6258
accidentally,6259
dvd,6260
player,6261
achieve,6262
stock,6263
romm,6264
slim,6265
delightfully,6266
disgraceful,6267
moist,6268
tremendous,6269
visibly,6270
annoyingly,6271
substance,6272
yours,6273
regulation,6274
lg,6275
retro,6276
climbing,6277
claiming,6278
subtle,6279
configuration,6280
opens,6281
180,6282
compfy,6283
fore,6284
hydepark,6285
drunk,6286
expansive,6287
prop,6288
enabling,6289
cities,6290
dread,6291
iced,6292
fed,6293
optimal,6294
superbly,6295
50m,6296
freeze,6297
rhe,6298
reflected,6299
33,6300
ms,6301
timer,6302
acknowledged,6303
nite,6304
creaking,6305
alcove,6306
enquire,6307
fobbed,6308
advisor,6309
september,6310
nuts,6311
pubic,6312
defective,6313
booth,6314
neighbor,6315
assumption,6316
collapsed,6317
neon,6318
mixture,6319
extremly,6320
definitly,6321
100m,6322
sleepers,6323
slipper,6324
toes,6325
108,6326
typically,6327
stool,6328
authorised,6329
clueless,6330
listened,6331
julian,6332
patience,6333
painfully,6334
battle,6335
exciting,6336
absent,6337
104,6338
expressed,6339
ace,6340
wasting,6341
resolving,6342
separately,6343
closeby,6344
favour,6345
accurately,6346
lap,6347
gig,6348
scottish,6349
frontage,6350
skylight,6351
lesser,6352
souvenir,6353
sim,6354
realistic,6355
aired,6356
watched,6357
victor,6358
menue,6359
native,6360
stn,6361
champion,6362
waitresses,6363
boss,6364
vacate,6365
reflective,6366
kidding,6367
hunt,6368
wonderland,6369
unappealing,6370
truth,6371
inexperienced,6372
vacuumed,6373
motel,6374
crib,6375
nap,6376
laws,6377
carved,6378
unbearably,6379
admittedly,6380
warren,6381
hearted,6382
outdoors,6383
belgo,6384
crowne,6385
ncp,6386
nearness,6387
em,6388
difficulties,6389
attack,6390
slick,6391
nonetheless,6392
condescending,6393
owing,6394
shutter,6395
travelodge,6396
characterful,6397
moody,6398
lick,6399
moderately,6400
encounter,6401
disappoint,6402
excess,6403
naturally,6404
announcement,6405
nightly,6406
becuase,6407
farringdon,6408
marco,6409
locatin,6410
restocked,6411
shallow,6412
physically,6413
uncomfy,6414
showerhead,6415
boot,6416
towelling,6417
bettered,6418
fashionable,6419
culture,6420
addressed,6421
toom,6422
claudia,6423
scuffed,6424
vehicle,6425
massages,6426
permit,6427
haha,6428
63,6429
richmond,6430
accomodated,6431
discounts,6432
science,6433
whiskey,6434
refilled,6435
wherever,6436
o2,6437
festive,6438
latch,6439
undrinkable,6440
milestone,6441
starred,6442
personalities,6443
warmest,6444
conservatory,6445
trapped,6446
stomach,6447
goods,6448
arguments,6449
robert,6450
boom,6451
amd,6452
seconds,6453
wales,6454
entrances,6455
packing,6456
avail,6457
john,6458
15am,6459
skipped,6460
repetitive,6461
meetings,6462
rewards,6463
bliss,6464
lettuce,6465
pod,6466
tavern,6467
km,6468
puts,6469
social,6470
attendant,6471
marriage,6472
proposal,6473
weight,6474
experiencing,6475
smashed,6476
stuffed,6477
bananas,6478
endless,6479
matresses,6480
butts,6481
feathered,6482
awfull,6483
wifes,6484
69,6485
200m,6486
enquiries,6487
lied,6488
occupant,6489
specified,6490
curious,6491
increase,6492
lake,6493
spray,6494
155,6495
1pm,6496
android,6497
unlucky,6498
indicates,6499
pretended,6500
worldwide,6501
na,6502
grimy,6503
frames,6504
decaffeinated,6505
terminal,6506
delivers,6507
drawn,6508
beeping,6509
sale,6510
coz,6511
glorious,6512
tree,6513
mariana,6514
beams,6515
fountains,6516
compromise,6517
designs,6518
absurd,6519
vendome,6520
lyon,6521
bercy,6522
village,6523
valentine,6524
brightly,6525
competition,6526
substantial,6527
presume,6528
inaccessible,6529
localisation,6530
lounging,6531
accessories,6532
varies,6533
hearts,6534
racks,6535
cave,6536
duct,6537
tape,6538
65,6539
cour,6540
toppers,6541
valley,6542
rue,6543
chilled,6544
arr,6545
industrial,6546
inappropriate,6547
gardette,6548
escalator,6549
xavier,6550
performance,6551
locally,6552
sometime,6553
excellence,6554
buffe,6555
unfit,6556
operations,6557
contract,6558
subject,6559
cinema,6560
brasseries,6561
teabag,6562
accompany,6563
coziness,6564
dogs,6565
greate,6566
mcdonalds,6567
humour,6568
necessity,6569
refurnished,6570
splashing,6571
deceiving,6572
acoustic,6573
pp,6574
al,6575
mechanical,6576
gas,6577
generic,6578
medication,6579
headache,6580
damages,6581
insulted,6582
straw,6583
modest,6584
parent,6585
circles,6586
brexit,6587
honored,6588
woodwork,6589
folder,6590
balloon,6591
delays,6592
dietary,6593
sympathetic,6594
accompanying,6595
guinness,6596
kitchens,6597
dial,6598
circulate,6599
staf,6600
opportunities,6601
hubby,6602
applies,6603
te,6604
conditioned,6605
tender,6606
reduce,6607
prestigious,6608
lage,6609
ammenities,6610
clerks,6611
fees,6612
containing,6613
pride,6614
punch,6615
recovered,6616
heatwave,6617
scaffold,6618
stretch,6619
minuts,6620
sake,6621
preferences,6622
outfit,6623
unpacking,6624
helpfully,6625
olives,6626
suspect,6627
breath,6628
deeply,6629
saucer,6630
mug,6631
wetroom,6632
berlin,6633
ibis,6634
rainy,6635
slippy,6636
slipped,6637
quests,6638
weekdays,6639
connectivity,6640
toy,6641
shiny,6642
grip,6643
renewed,6644
sarah,6645
intention,6646
225,6647
accordingly,6648
christopher,6649
bellmen,6650
orientated,6651
fairness,6652
problematic,6653
timing,6654
candy,6655
scent,6656
unfair,6657
intended,6658
raising,6659
lent,6660
bailey,6661
175,6662
cheaply,6663
learning,6664
shade,6665
56,6666
helfull,6667
sizable,6668
thirsty,6669
disneyland,6670
abundance,6671
boasts,6672
array,6673
holidays,6674
august,6675
grabbed,6676
cistern,6677
dripped,6678
circuit,6679
flavours,6680
laud,6681
veranda,6682
tottenham,6683
redone,6684
petit,6685
odds,6686
celine,6687
receptions,6688
recomended,6689
metros,6690
withing,6691
breakfeast,6692
mainline,6693
bistros,6694
custom,6695
beats,6696
surname,6697
sells,6698
champ,6699
madeleine,6700
moulin,6701
rouge,6702
lover,6703
weekday,6704
limits,6705
marginal,6706
grandchildren,6707
spelling,6708
screw,6709
ritz,6710
oversized,6711
bluetooth,6712
irritated,6713
piano,6714
comforting,6715
permanent,6716
decently,6717
region,6718
et,6719
tel,6720
merci,6721
pour,6722
release,6723
funds,6724
bakeries,6725
melanie,6726
teddy,6727
bear,6728
stroller,6729
independent,6730
baileys,6731
gentile,6732
restoration,6733
awaiting,6734
frozen,6735
cosmopolitan,6736
infact,6737
remotely,6738
airbnb,6739
beneath,6740
inquiries,6741
humor,6742
salami,6743
jam,6744
musee,6745
incase,6746
valuables,6747
girlfriends,6748
disability,6749
uninterested,6750
unimpressed,6751
proportioned,6752
lovley,6753
definetely,6754
bedtime,6755
mn,6756
berries,6757
replenishing,6758
tons,6759
tuileries,6760
contributed,6761
wobbly,6762
brasserie,6763
andrei,6764
act,6765
unwelcome,6766
embarrassed,6767
chambermaid,6768
canary,6769
wharf,6770
skybar,6771
eighteen,6772
unconfortable,6773
aroma,6774
supremely,6775
boots,6776
urban,6777
eventim,6778
apollo,6779
hammersmith,6780
nuisance,6781
german,6782
deck,6783
grilled,6784
fragrance,6785
scented,6786
candle,6787
trimmings,6788
kemp,6789
eclectic,6790
china,6791
demands,6792
broadband,6793
excel,6794
patisserie,6795
prefect,6796
chopped,6797
115,6798
anxious,6799
firmdale,6800
onwards,6801
wed,6802
awaited,6803
strawberries,6804
tradition,6805
cheating,6806
cricket,6807
concorde,6808
deliberately,6809
willingness,6810
5star,6811
graham,6812
cheeses,6813
desks,6814
scones,6815
wondering,6816
electronics,6817
dome,6818
opposed,6819
scrumptious,6820
circumstances,6821
meets,6822
peninsula,6823
lodge,6824
westfield,6825
spar,6826
01,6827
faculties,6828
validate,6829
signposted,6830
agent,6831
til,6832
vodka,6833
smoothies,6834
muffins,6835
manned,6836
appollo,6837
abd,6838
arrondissement,6839
dedicated,6840
membership,6841
teenager,6842
ducts,6843
fork,6844
stafff,6845
query,6846
outset,6847
trough,6848
cartons,6849
cemetery,6850
301,6851
panoramic,6852
latte,6853
sunrise,6854
ha,6855
christian,6856
errors,6857
intermittently,6858
wimbledon,6859
37,6860
australian,6861
hovering,6862
david,6863
mislead,6864
extraordinarily,6865
scheme,6866
reluctantly,6867
awakening,6868
artisan,6869
grill,6870
niggle,6871
cheeky,6872
insanely,6873
tassimo,6874
brushes,6875
oily,6876
patches,6877
approaching,6878
saunas,6879
outweighed,6880
adele,6881
outer,6882
teething,6883
feelings,6884
linked,6885
goodbye,6886
creak,6887
docklands,6888
drank,6889
jennifer,6890
billy,6891
expresso,6892
winded,6893
waived,6894
flickering,6895
kat,6896
stratford,6897
remark,6898
decadent,6899
developed,6900
ceremony,6901
flip,6902
flops,6903
54,6904
leo,6905
pressing,6906
thru,6907
jar,6908
disastrous,6909
limo,6910
smartly,6911
pyjamas,6912
lobster,6913
nesspresso,6914
depot,6915
suberb,6916
cycling,6917
await,6918
jackets,6919
lemonade,6920
brekky,6921
unreliable,6922
updates,6923
dlr,6924
discussing,6925
operated,6926
eva,6927
pan,6928
liz,6929
bravo,6930
moan,6931
priceless,6932
windy,6933
distracting,6934
hygienic,6935
oscar,6936
nut,6937
mature,6938
notifying,6939
upto,6940
content,6941
shine,6942
react,6943
rice,6944
19th,6945
obnoxious,6946
gourmet,6947
yoghurts,6948
supervisors,6949
boulangerie,6950
hermes,6951
magic,6952
intolerant,6953
locker,6954
memories,6955
credited,6956
fireplace,6957
ship,6958
hamburger,6959
focused,6960
personell,6961
toiletteries,6962
rumbling,6963
confidence,6964
killed,6965
observed,6966
pas,6967
bbq,6968
noone,6969
escort,6970
pierre,6971
antoine,6972
costa,6973
faucets,6974
stretching,6975
salon,6976
nightlife,6977
bustling,6978
gf,6979
eiffle,6980
dis,6981
evacuate,6982
questionnaire,6983
vibrant,6984
tgv,6985
tr,6986
juan,6987
forthcoming,6988
8pm,6989
boxing,6990
ignoring,6991
29,6992
rainshower,6993
maneuver,6994
clubs,6995
chez,6996
neatly,6997
marais,6998
pompidou,6999
provisions,7000
consistency,7001
olive,7002
shining,7003
absence,7004
se,7005
conscious,7006
mac,7007
gathering,7008
hipster,7009
parisien,7010
uniqueness,7011
cola,7012
bills,7013
prestige,7014
jets,7015
barriers,7016
execellent,7017
partying,7018
intervention,7019
dj,7020
softest,7021
controlling,7022
owed,7023
poisoning,7024
colourful,7025
trucks,7026
repeating,7027
nets,7028
scuff,7029
especial,7030
moves,7031
rinse,7032
stupidly,7033
idiot,7034
eveything,7035
tentative,7036
allergic,7037
wetting,7038
uninviting,7039
represented,7040
styled,7041
placing,7042
keeper,7043
ink,7044
dare,7045
shepherds,7046
bush,7047
faint,7048
guides,7049
nowadays,7050
branded,7051
dissappointing,7052
danger,7053
millenium,7054
salty,7055
tuned,7056
halfway,7057
naked,7058
slowest,7059
containers,7060
carlos,7061
cleanly,7062
apartments,7063
exiting,7064
geared,7065
closures,7066
tariff,7067
rebecca,7068
overseas,7069
mounted,7070
restored,7071
extending,7072
106,7073
effortless,7074
palaces,7075
homey,7076
scotland,7077
uninteresting,7078
ver,7079
obtain,7080
committed,7081
gestures,7082
ampersand,7083
muffin,7084
ghd,7085
keepers,7086
ken,7087
apero,7088
benches,7089
yorkshire,7090
brita,7091
007,7092
cider,7093
ale,7094
salt,7095
joining,7096
fallen,7097
cupcakes,7098
cuts,7099
grange,7100
derelict,7101
quad,7102
unlocked,7103
assuming,7104
nr,7105
invite,7106
flash,7107
limiting,7108
poorer,7109
northern,7110
lcd,7111
consistant,7112
tendency,7113
granola,7114
curt,7115
lifting,7116
sensor,7117
muddled,7118
bass,7119
49,7120
retrieve,7121
coverings,7122
rave,7123
vibrations,7124
2days,7125
skimmed,7126
quadruple,7127
hen,7128
fetch,7129
renaissance,7130
salads,7131
bells,7132
leads,7133
stretched,7134
snapped,7135
mints,7136
enquiry,7137
lengths,7138
unloading,7139
boutiques,7140
entitled,7141
eventhough,7142
swiming,7143
disapointed,7144
cramp,7145
roughly,7146
forks,7147
knives,7148
berners,7149
established,7150
000,7151
edition,7152
vibration,7153
frig,7154
aesthetics,7155
bartenders,7156
armchair,7157
nadler,7158
motor,7159
snd,7160
proms,7161
intuitive,7162
j,7163
thoughtfully,7164
quirkiness,7165
intelligent,7166
unmade,7167
importance,7168
rumble,7169
diy,7170
wicked,7171
united,7172
quarters,7173
dubai,7174
pristine,7175
gadgets,7176
flour,7177
occitane,7178
postcard,7179
fabrics,7180
glassware,7181
worker,7182
labelled,7183
cornflakes,7184
spiral,7185
waldorf,7186
recovering,7187
stinks,7188
aldgate,7189
busiest,7190
ipads,7191
jeff,7192
baguettes,7193
proactive,7194
gail,7195
saggy,7196
hubs,7197
crappy,7198
shutters,7199
conveniences,7200
jewel,7201
eats,7202
disconnecting,7203
spraying,7204
jugs,7205
wings,7206
224,7207
stopper,7208
adjusting,7209
brownie,7210
deliveroo,7211
lan,7212
casual,7213
vibrated,7214
roberto,7215
housekeeper,7216
mews,7217
neutral,7218
pizzeria,7219
nothin,7220
chatelet,7221
republique,7222
urgency,7223
consumed,7224
nada,7225
unresponsive,7226
pinching,7227
sir,7228
scolding,7229
scribe,7230
blast,7231
sofitel,7232
yelling,7233
modernisation,7234
rivoli,7235
jobo,7236
wallpapers,7237
homemade,7238
lourve,7239
passion,7240
leopard,7241
prints,7242
julien,7243
louve,7244
omlette,7245
sexy,7246
montparnasse,7247
carrefour,7248
invalides,7249
alexandra,7250
paperwork,7251
verry,7252
bothering,7253
seedy,7254
maison,7255
souquet,7256
discretion,7257
102,7258
comfier,7259
slide,7260
oozes,7261
nitpicking,7262
hammam,7263
velvet,7264
butler,7265
macaroons,7266
cadet,7267
pink,7268
belle,7269
honor,7270
executed,7271
delicate,7272
discrete,7273
model,7274
tubs,7275
turkey,7276
bitten,7277
lafayette,7278
footsteps,7279
patrick,7280
engineering,7281
shopped,7282
celsius,7283
reboot,7284
router,7285
versailles,7286
russian,7287
alternatively,7288
abundant,7289
calming,7290
chanels,7291
astronomical,7292
differently,7293
vastly,7294
graphic,7295
chamber,7296
402,7297
varying,7298
fluctuated,7299
halles,7300
wallet,7301
highlighted,7302
maria,7303
drinkers,7304
clarify,7305
ins,7306
outs,7307
170,7308
ripoff,7309
legendary,7310
20th,7311
ninth,7312
expired,7313
register,7314
businesses,7315
amex,7316
steaks,7317
stansted,7318
shoulder,7319
secondary,7320
leftover,7321
upright,7322
baguette,7323
grands,7324
boulevards,7325
charity,7326
knife,7327
packages,7328
domestic,7329
roofs,7330
159,7331
garnier,7332
honore,7333
checks,7334
martin,7335
malfunctioning,7336
tablets,7337
warrant,7338
trolleys,7339
audible,7340
yourselves,7341
differences,7342
disconnected,7343
continuously,7344
powder,7345
purse,7346
securely,7347
noodles,7348
spitalfields,7349
prides,7350
vinyl,7351
shoreditch,7352
shelving,7353
interieur,7354
sourdough,7355
hoi,7356
polloi,7357
20pm,7358
leadership,7359
addressing,7360
poured,7361
wire,7362
regency,7363
guitar,7364
wrongly,7365
planes,7366
olympic,7367
billing,7368
laptops,7369
consecutive,7370
heights,7371
kait,7372
macarons,7373
accross,7374
supplying,7375
gherkin,7376
piped,7377
di,7378
gilbert,7379
tin,7380
alin,7381
default,7382
reunion,7383
gloucester,7384
honours,7385
50am,7386
stark,7387
hiltons,7388
camden,7389
restraunt,7390
15th,7391
doubletree,7392
perfumed,7393
ancient,7394
engagement,7395
community,7396
avocado,7397
breaky,7398
dimly,7399
crossed,7400
20minutes,7401
occupying,7402
replenishment,7403
york,7404
honors,7405
breathe,7406
reputation,7407
rah,7408
edgy,7409
lesson,7410
lux,7411
careless,7412
nonsense,7413
giant,7414
techy,7415
doona,7416
trafic,7417
workman,7418
horns,7419
mercure,7420
velib,7421
charlotte,7422
cranley,7423
actions,7424
understated,7425
sophistication,7426
gorgeously,7427
waggers,7428
vauxhall,7429
dishwasher,7430
staybridge,7431
diner,7432
seventh,7433
pancake,7434
wore,7435
clenliness,7436
perfekt,7437
successful,7438
advantages,7439
represents,7440
grosvenor,7441
concourse,7442
guessing,7443
slanted,7444
orientation,7445
endure,7446
orient,7447
tannoy,7448
learned,7449
redeeming,7450
haphazard,7451
nonexistent,7452
wild,7453
platforms,7454
housed,7455
terminus,7456
34,7457
sean,7458
cultural,7459
disposition,7460
marriot,7461
spg,7462
shangri,7463
exaggerated,7464
eiffeltower,7465
persian,7466
marylebone,7467
moderate,7468
nestled,7469
wlan,7470
litle,7471
101,7472
movements,7473
bonuses,7474
mandatory,7475
excelente,7476
yum,7477
rm,7478
contrary,7479
clerkenwell,7480
worest,7481
cofee,7482
conceirge,7483
asks,7484
stiflingly,7485
attractively,7486
04,7487
overheated,7488
crossiants,7489
baker,7490
variation,7491
tbh,7492
bruised,7493
hackney,7494
inter,7495
cubes,7496
sherlock,7497
printemps,7498
crashed,7499
holmes,7500
sounding,7501
sterile,7502
parisis,7503
orsay,7504
informal,7505
blank,7506
objects,7507
londoners,7508
harvey,7509
sloane,7510
india,7511
jean,7512
rollaway,7513
treasure,7514
shaking,7515
foreigners,7516
arabic,7517
saloon,7518
206,7519
thistle,7520
velodrome,7521
elizabeth,7522
westfields,7523
crashing,7524
regents,7525
sainsburys,7526
popped,7527
handheld,7528
overground,7529
casino,7530
mice,7531
handicap,7532
md,7533
moldy,7534
everithing,7535
03,7536
galeries,7537
94,7538
fastest,7539
beg,7540
session,7541
reward,7542
otel,7543
502,7544
laura,7545
earn,7546
spacy,7547
unload,7548
yuk,7549
copper,7550
300m,7551
streaky,7552
deserts,7553
san,7554
logging,7555
empire,7556
retail,7557
brioche,7558
buzzy,7559
spain,7560
jams,7561
chris,7562
pounding,7563
mobiles,7564
pie,7565
savvy,7566
sweat,7567
officially,7568
reconnect,7569
melon,7570
oranges,7571
fresher,7572
thumping,7573
ville,7574
rembrandt,7575
duo,7576
lessons,7577
os,7578
whirlpool,7579
harrod,7580
pablo,7581
renovate,7582
treadmill,7583
refined,7584
survey,7585
4stars,7586
marcel,7587
neil,7588
ecole,7589
militaire,7590
horn,7591
shoved,7592
marlin,7593
lambeth,7594
sebastian,7595
cromwell,7596
prosseco,7597
roast,7598
rib,7599
dusts,7600
sealing,7601
accomadating,7602
cranes,7603
freeview,7604
terrasse,7605
germany,7606
cottage,7607
troublesome,7608
mushroom,7609
oriental,7610
nicolas,7611
17th,7612
gateway,7613
goodness,7614
sam,7615
onion,7616
op,7617
mornington,7618
turkish,7619
width,7620
superlative,7621
arbor,7622
whitechapel,7623
anti,7624
prefered,7625
wether,7626
mop,7627
additions,7628
reader,7629
hoxton,7630
version,7631
misled,7632
cigar,7633
209,7634
gails,7635
swiss,7636
vavin,7637
sodas,7638
fullers,7639
chamberlain,7640
arrivals,7641
hostile,7642
michelin,7643
marc,7644
marcos,7645
4ft,7646
holland,7647
pianist,7648
terrass,7649
fuller,7650
modernising,7651
chocolat,7652
batty,7653
langley,7654
0800,7655
toilette,7656
elaborate,7657
antiques,7658
carluccios,7659
bogdan,7660
palladium,7661
uclh,7662
tec,7663
primrose,7664
bryson,7665
hhonors,7666
pelham,7667
montague,7668
faubourg,7669
gwr,7670
grafton,7671
simpler,7672
trevor,7673
theodora,7674
touchscreen,7675
windermere,7676
garfunkel,7677
gadget,7678
italie,7679
xenia,7680
hor,7681
jacob,7682
meadow,7683
leonard,7684
moorfields,7685
cricklewood,7686
clayton,7687
kilburn,7688
